No,Wavelet transform,easting,northing,within_10km,NSE_test,KGE_test,Pearson_r_test,Spearman_r_test,Mean_ratio_test,STD_ratio_test,Mean,Std
3,Multiannual,627131,163892,TRUE,-1200.4255,-9.986217,-0.0133358,0.057994398,8.280331,9.16502,1.22026534,0.265911786
36,Annual,416690,133770,TRUE,-5448.3506,-15.4716625,0.5750263,0.587348224,11.614721,13.588257,1.704615096,0.249026318
42,Annual,413650,155000,TRUE,-58.03445,-1.8846598,0.35962456,0.351413491,3.2672775,2.6645322,1.307613655,0.407808966
49,Annual,459345,401015,TRUE,-106.55597,-1.5754609,0.7212267,0.644452905,3.2533097,2.2157068,0.619866118,0.136411108
84,Annual,298697,91240,TRUE,-67.39464,-1.6557343,0.001081708,-0.003121686,0.42073256,3.3915646,4.660261713,0.361065814
95,Annual,556341,101386,TRUE,-217.681,-0.8804208,0.58483493,0.698849885,2.6117618,0.12487471,42.27998681,4.617376201
96,Annual,504095,334375,FALSE,-21.565994,0.30593652,0.4247082,0.258807897,0.6300262,0.882175,30.11839765,2.401094626
132,Annual,556510,131382,FALSE,-24.354027,-2.0565195,0.1126647,0.027144837,0.8334719,3.920147,10.24718806,0.543172811
134,Annual,523725,358735,TRUE,-0.6923988,0.42964792,0.82507646,0.829612799,1.1965873,1.5060254,1.532290164,0.315867763
137,Annual,553496,164800,TRUE,-1203.4966,-1.9896686,0.7719799,0.745917978,1.855237,3.8556554,12.17181885,0.301185294
173,Annual,625386,140103,TRUE,-0.94405496,0.15294772,0.6228871,0.613317086,0.8330973,0.26011702,69.22095856,10.54461259
176,Annual,342026,365125,TRUE,-4865.0625,-17.43986,0.24490038,0.481040771,9.352097,17.422676,1.341000858,0.165677762
177,Annual,428955,210655,FALSE,-70.40447,-4.9426093,0.59346855,0.664386901,3.200419,6.5052333,2.121472722,0.780107639
218,Annual,505345,363625,FALSE,-21.268795,-0.24128234,0.7944602,0.833972437,0.16617537,0.10374588,12.59764107,2.269473232
229,Multiannual,623984,153700,TRUE,-179.82347,0.038502693,0.2224914,0.244637179,0.50159,1.2674798,28.89181173,1.076963313
236,Annual,567460,164680,TRUE,-6963.2705,-10.360622,-0.4644448,-0.196621668,0.3572774,12.247505,113.2744512,0.882755916
238,Annual,497435,312335,FALSE,-13.786344,-1.1379602,-0.001309346,0.42558415,0.683104,2.862213,12.73030385,1.706798024
255,Annual,490055,105745,TRUE,-2185.5103,-16.44835,0.2799065,0.257402599,18.433031,1.1288123,0.884331827,0.329818924
264,Multiannual,471045,187253,TRUE,-2118.5977,-0.3400234,-0.039574098,-0.083232085,0.4868413,1.6720258,88.16175193,0.983576241
271,Annual,494609,442896,TRUE,-75.11855,-0.2685747,0.52568704,0.630377606,0.060716644,0.29144114,34.26123318,3.707547806
287,Multiannual,624617,160944,TRUE,-242.46388,-3.378992,0.5104759,0.584490614,3.3781385,4.6442547,1.159653259,0.183594995
297,Annual,506038,345901,TRUE,-15.239904,-2.339059,0.7808312,0.830961273,4.2527304,0.2781595,1.010745584,0.832473562
302,Annual,531819,109458,TRUE,-162.76514,-0.3704654,-0.10767649,0.141056719,0.23065493,0.7564097,67.11031916,4.056137392
303,Annual,548655,364605,FALSE,-800.98065,-5.533322,-0.28085208,-0.261828373,7.4064856,0.97230846,0.865841016,0.196178636
311,Annual,589670,149272,TRUE,-5312.2783,-12.670899,0.35985947,0.559082464,8.064578,12.686571,6.199434757,0.609669009
312,Multiannual,501015,342715,TRUE,-3761.531,-16.667223,0.25926623,0.290479429,2.6066306,18.578562,4.720954347,0.129584181
318,Annual,438130,175470,TRUE,-1250.4502,-15.947708,0.6259444,0.6194553,17.755213,3.519763,0.431461819,0.205092485
324,Annual,414670,227860,TRUE,-411.93423,-1.3379571,0.48824096,0.180978318,1.8847166,3.1027205,25.38327815,1.115433657
337,Annual,489058,182936,TRUE,-113.421906,-0.52922535,0.7501689,0.733242634,2.506415,0.91734785,2.749891418,0.388052214
339,Decadal,559006,160641,TRUE,-286.70752,-5.2963853,0.44320768,0.475294928,0.97029245,7.2716937,83.83581914,0.160672481
340,Multiannual,537245,389465,FALSE,-611.44025,-4.813397,0.05162572,0.044841455,0.59984916,6.7215743,12.35013058,0.207549273
346,Decadal,333635,548625,FALSE,-43.546177,-1.0708859,0.7771585,0.7654129,1.2804731,3.039679,6.205008849,0.278565773
364,Multiannual,461475,404015,TRUE,-433.16595,-1.2109368,0.70910203,0.610281999,3.1802702,0.7762946,3.43142616,0.359259442
381,Annual,512910,110750,TRUE,-18.950521,-0.20268548,0.72364086,0.758608897,0.09635877,0.25601715,32.84680767,6.76412652
399,Annual,507365,311205,FALSE,-43.582993,-4.795006,0.30521047,0.361738465,6.7246127,0.4270931,1.317311543,1.141264546
413,Annual,505145,339485,TRUE,-21.270987,-0.22653484,0.7303221,0.831094706,0.19117002,0.118265755,15.1495129,2.646960178
423,Multiannual,487395,125045,TRUE,-4840.4976,-1.563483,0.35751268,0.37811027,1.4838679,3.434046,45.12096925,0.314108729
430,Decadal,510715,420895,TRUE,-77.77981,-0.029341578,0.4216589,0.355170185,1.527616,0.3316543,6.648543045,0.39731749
466,Annual,498905,375335,FALSE,-0.8001654,0.34653938,0.4636599,0.539980934,1.0701327,1.366651,4.477153777,0.702547852
469,Annual,594729,165259,TRUE,-70.808266,-0.31343496,0.2771896,0.314661924,0.28456196,0.16885337,10.27694659,0.873362636
489,Annual,454185,123415,TRUE,-5.7289734,0.01753366,0.66583765,0.683872953,0.3429857,0.35045585,18.6796224,4.980199952
512,Annual,503035,368725,FALSE,-3082.8062,-1.4816256,0.4412126,0.488571612,1.9263052,3.2334483,7.771311516,0.129810985
516,Annual,493890,428182,TRUE,-0.9193846,-0.24055159,0.39286387,0.699358535,0.42344016,0.08461339,6.426906755,3.745585163
518,Annual,414140,126240,TRUE,-49.4329,-1.2678862,-0.17399341,-0.167362424,0.6364189,2.9060097,11.81084107,0.679169917
519,Decadal,556409,97729,TRUE,-12246.558,-8.538569,-0.2906257,-0.293408162,0.76304054,10.447947,72.83048385,0.156686952
523,Annual,504835,362615,FALSE,-1308.7134,-4.4597335,0.41666126,0.722887632,0.48001993,6.4035482,15.32188285,0.223293984
524,Annual,292214,80512,TRUE,-920.8176,-12.188471,0.5515075,0.577503483,1.9168532,14.148934,23.49952421,0.794056774
534,Multiannual,505649,194842,TRUE,-2637.2046,-4.9765716,0.3452316,0.47213022,0.4153912,6.911788,23.00829284,0.264087385
547,Annual,443980,177743,TRUE,-15.7461605,-0.20178735,0.6465211,0.654901691,0.256239,0.12469146,19.63674059,3.663664281
565,Annual,503815,102495,TRUE,-6.9926596,-0.73942995,0.15128067,0.189866448,0.91362405,2.5158668,5.011843392,0.362737871
574,Annual,435355,151255,TRUE,-5.0370736,0.22487861,0.3525686,0.411553852,0.7714371,0.64027137,36.4277867,3.694591283
579,Multiannual,624809,158620,TRUE,-1554.6132,-15.761318,0.71854377,0.697593528,0.8649588,17.758564,30.43943753,0.115583885
586,Annual,469505,141905,TRUE,-1907.3999,-4.568472,0.2515116,0.258210865,1.5661681,6.488825,54.59631483,0.715080837
597,Annual,640912,309568,TRUE,-18.092798,-3.2302885,0.7604142,0.79874218,5.07153,2.1228173,0.345809003,0.343357761
603,Decadal,458205,162865,TRUE,-16.30329,-1.721106,0.7034739,0.491683108,0.9633023,3.7046578,51.17590143,0.672830579
637,Decadal,458855,146055,TRUE,-353.90958,-0.304757,-0.13140339,-0.213891758,0.5825729,1.4980689,61.13933845,1.361694788
668,Multiannual,630368,158751,TRUE,-91.59401,0.021300495,0.8126029,0.722519387,0.13353351,0.58530736,6.934133389,0.625708733
669,Annual,586092,303080,TRUE,-5.1383853,-0.029478908,0.79973125,0.800194303,1.9432257,0.6393798,0.964573763,0.379343346
681,Annual,498975,383875,FALSE,-0.7872951,0.31062073,0.5989056,0.604276729,1.1386275,0.45672372,10.36848397,1.354692854
682,Annual,637412,152312,FALSE,-146.397,-0.741349,-0.018494222,0.009183363,0.6856195,2.377018,5.133488436,0.136076996
683,Annual,610938,148896,TRUE,-0.15068054,-0.060258627,0.1928047,0.2371128,0.96318364,0.31353912,94.49867752,8.357818995
697,Annual,414545,176455,TRUE,-89.68402,0.1296916,0.79728246,0.791233197,0.23264876,0.6429086,67.03377945,5.413200029
700,Annual,496055,122035,TRUE,-119.54305,-8.93514,0.06420429,0.124613472,1.0738424,10.890719,8.800154081,0.425372747
701,Annual,499885,379795,FALSE,-4.9201813,-0.108949184,0.5408744,0.493268364,1.1292014,2.0011435,6.205743603,0.456837777
743,Annual,501945,365615,FALSE,-3928.2932,-1.6141539,0.104753755,-0.054590169,0.26342514,3.3430603,9.553313384,0.112421315
748,Decadal,574327,301697,TRUE,-62.09905,0.31155664,0.72692,0.738058677,1.5106485,1.3723217,4.55464867,0.29487891
751,Multiannual,445765,172445,TRUE,-1178.0825,-35.86158,-0.018881515,0.075957549,37.328506,7.1631274,0.441410977,0.477776491
767,Multiannual,446125,176275,TRUE,-2.2507765,0.4464652,0.68165207,0.71570712,1.3029239,0.66341066,15.12695053,2.780945742
785,Annual,565468,119119,TRUE,-1006.9638,-6.5222316,0.5229459,0.509767732,8.060111,3.5517144,6.004934762,1.341963484
800,Annual,610570,143953,FALSE,-33.815712,-0.025413036,0.10021233,0.253861103,0.5436012,0.816822,73.85123276,5.839832375
821,Annual,618650,146611,TRUE,-24.602064,-1.6607082,0.5264113,0.47035412,3.5073435,0.24613585,14.22939524,7.164220031
829,Annual,492225,115785,TRUE,-14.270383,0.102665246,0.8017857,0.725891182,0.7575671,0.15907964,105.0045851,6.685179462
834,Annual,505025,413865,FALSE,-299.71857,-0.3773048,0.5982168,0.622757202,0.32032886,2.1285348,24.8739213,0.979779809
839,Annual,420155,121255,TRUE,-402.3894,-6.479794,-0.07160265,-0.056726095,0.6628267,8.394964,35.74835213,0.662802885
841,Annual,450424,534735,FALSE,-12795.479,-16.801388,-0.33795863,-0.351392153,9.497231,16.585262,1.714488195,0.130255844
845,Annual,556450,127160,TRUE,-540.191,-8.135264,0.50125515,0.468385835,7.720853,7.1672263,1.802426352,0.543923709
848,Multiannual,459275,83955,TRUE,-1890.393,-0.43726993,0.035151605,-0.098849871,0.06678266,0.4862715,30.65664889,0.658043726
859,Multiannual,499825,119865,TRUE,-26.318678,-0.15728736,-0.041368283,-0.018365275,0.6293659,0.6572228,17.31612791,1.262740882
874,Annual,523534,109306,TRUE,-129.39333,0.05077672,0.24017811,0.155935645,1.5135176,0.7550611,43.28240865,1.95550752
875,Annual,593230,336904,FALSE,-1008.3821,0.27566832,0.8632887,0.85024059,0.40961602,1.3967578,16.73738573,0.311107475
890,Decadal,434770,529240,FALSE,-89.22881,-1.8061321,0.07659174,0.112066507,0.92600447,3.6488261,37.75045226,0.319426611
900,Annual,624070,143381,TRUE,-9.3079405,0.37048095,0.8777957,0.862816131,0.68507504,0.46879143,52.46110156,5.247853956
901,Multiannual,496495,163345,FALSE,-29.733116,0.3689909,0.5961586,0.586210868,0.74077064,0.59026456,6.450939569,0.304864626
902,Annual,538051,134071,TRUE,-123.97903,-6.4006763,0.686826,0.71259271,8.311157,2.1041517,0.529669681,0.349966186
912,Annual,380005,265485,TRUE,-2.0083668,0.4825502,0.655208,0.606066823,1.1337638,1.3619128,11.24074729,1.080016475
933,Annual,393077,187787,TRUE,-3290.1882,-16.269426,0.21835575,0.185181136,17.88493,4.538583,1.956762211,0.577642309
947,Annual,591390,150250,TRUE,-218.37274,-11.787617,0.091880985,0.131107157,1.0845186,13.755096,19.90448989,0.298806284
948,Annual,591385,150264,TRUE,-3849.2236,-29.05228,-0.42034593,-0.409121255,1.9656056,31.00325,19.96767267,0.360409134
951,Decadal,459562,421081,TRUE,-2.3545392,0.26436824,0.28541112,0.251538275,0.88081545,0.8722834,9.645599598,0.794899391
954,Annual,504355,366275,FALSE,-0.4306481,0.43927568,0.49788877,0.595734632,1.1053019,0.7737095,12.06624654,1.636975149
976,Annual,630528,160933,TRUE,-783.84735,-4.762567,0.72336173,0.65917824,6.5958166,2.3481636,1.571917365,0.314604306
983,Multiannual,615641,156674,TRUE,-1871.8203,-0.14358294,0.5696028,0.528895932,0.045600526,0.53993374,23.29696991,0.513877957
999,Multiannual,529955,398605,FALSE,-40.778217,-0.25520134,0.6142471,0.565217391,2.0807586,0.49138817,4.967610983,0.837031793
1000,Annual,427288,129080,TRUE,-62.244617,-0.19601619,0.70608723,0.742309586,0.12025195,0.2449415,21.30998311,2.370802562
1004,Annual,450165,166985,TRUE,-52.36978,-1.0293262,0.4578413,0.458977374,2.6264558,2.0857687,1.197005077,0.275524783
1006,Multiannual,543076,179844,FALSE,-24.351244,-2.3544595,-0.13578843,-0.195973558,4.112128,0.47362795,1.032347652,0.65583301
1016,Annual,561803,157429,TRUE,-1026.1797,-5.6762943,0.21178845,0.195974936,0.40136883,7.602533,31.02618447,0.595859192
1028,Decadal,621465,160512,TRUE,-100.75809,-0.17605603,0.55506504,0.537183317,0.03069638,0.5044293,5.115077501,0.493190441
1041,Annual,502455,349805,TRUE,-34751.97,-9.939638,0.33412594,0.349905282,0.18776043,11.889196,28.9743057,0.126485996
1045,Multiannual,306798,93736,TRUE,-4730.53,-12.948985,0.34620923,0.420702144,3.1517131,14.766544,14.87392815,0.475894864
1062,Annual,566590,118030,FALSE,-104.46312,-5.682456,0.3931908,0.356088064,7.648739,1.2851827,1.782758571,1.163287354
1064,Annual,627710,143150,TRUE,-9.429825,0.4283929,0.7580334,0.819496755,0.56556505,0.7181261,11.66378946,1.602148019
1074,Annual,618955,143886,TRUE,-36.66592,0.15543842,0.91460204,0.941320865,0.34197238,0.47751456,90.0818323,9.704221692
1089,Annual,453405,186005,TRUE,-298.32074,-2.6377525,0.6100735,0.72723653,4.068661,2.9143171,0.965132913,0.172909288
1092,Annual,462355,114355,TRUE,-31.876934,-0.001937985,0.89931035,0.886298592,0.34125316,0.2518062,28.0343373,3.251122622
1108,Annual,465875,394485,TRUE,-109.91413,-0.3700087,-0.10704565,0.206007285,0.25224176,0.6963043,15.9485157,1.14080318
1116,Annual,448265,182115,TRUE,-15.721067,-0.24791193,0.16572908,0.084409642,1.6302722,1.6812004,18.59429013,3.195335229
1119,Multiannual,489605,366055,FALSE,-587.8719,-5.2324705,0.77413714,0.812643217,4.923583,5.8371873,1.823101157,0.301510467
1120,Multiannual,467865,184125,TRUE,-1026.835,-21.728289,-0.036326364,0.052632311,0.8621125,23.704268,96.9608508,0.621193743
1121,Annual,490105,327025,FALSE,-4.972397,-0.6664268,0.2933616,0.293583391,1.0138085,2.509125,24.5160111,0.877439935
1127,Annual,614960,318020,TRUE,-13444.666,-87.89792,-0.072698265,-0.031446204,89.89042,1.4616365,0.544602579,0.417539538
1137,Annual,451585,142555,TRUE,-96.8915,-0.33324707,-0.056167983,0.535309891,1.4098519,1.7029083,28.31822113,1.19836968
1148,Annual,426272,162664,TRUE,-150.04195,0.1098125,0.80232096,0.877311754,0.2598314,1.4533317,8.740033829,0.52773921
1162,Annual,501855,369645,FALSE,-283.27673,-0.1631701,0.3464232,0.265826071,0.20592906,0.4566288,10.68124724,0.503840529
1163,Annual,571006,337418,TRUE,-341.63284,0.006990254,0.40514162,0.451999745,1.771069,1.1940755,15.27175762,0.637520041
1172,Annual,607856,150448,TRUE,-56.21698,0.088196635,0.72246933,0.730529823,0.355921,0.417313,25.99082699,2.224207692
1173,Annual,550640,105680,TRUE,-2968.392,-21.755886,-0.37629092,-0.31604855,6.3563967,23.073668,5.931654117,0.64604617
1184,Annual,555265,133204,FALSE,-817.3443,-79.31186,0.42783165,0.55478309,81.28947,2.8194044,0.317614358,0.895018738
1188,Decadal,513965,422615,TRUE,-1495.3778,-4.925529,0.51509064,0.495891722,6.785222,2.1866055,1.466238084,0.219541531
1205,Multiannual,378375,263555,TRUE,-148.3228,-2.8587792,0.56430125,0.487048019,0.7462973,4.825711,19.34920091,0.429747629
1213,Annual,510601,471998,TRUE,-84.76422,-0.28681636,0.78689486,0.715647974,0.092477895,0.11293391,28.41923099,2.798601321
1225,Annual,625064,162957,TRUE,-194.69304,-4.691413,0.35143906,0.422226678,4.43038,5.494912,1.138985422,0.301119838
1230,Multiannual,487499,432648,TRUE,-15.995312,-2.309774,0.1464131,0.358448944,4.1565084,0.48766056,0.56786955,0.449524055
1241,Multiannual,511985,425405,TRUE,-2423.467,-5.128736,0.28574273,0.273418289,6.896137,2.5122404,2.213705811,0.265403301
1247,Annual,430498,148712,TRUE,-18.445145,-0.8309382,0.19332443,0.347022189,2.6412337,1.0892324,7.083758108,2.764997289
1248,Annual,559069,102106,TRUE,-138.29674,-4.953119,0.57898414,0.61890625,6.5374446,3.1445704,0.963584916,0.464334161
1263,Decadal,503785,304255,FALSE,-1536.9991,-24.310863,0.06241077,0.121831161,3.128249,26.203852,6.480283459,0.472043556
1275,Decadal,570128,168950,TRUE,-9009.634,-1.8818645,0.3635118,0.333450279,0.65656304,3.7896507,80.84536057,0.292704062
1278,Annual,523470,127695,FALSE,-22.563644,-1.3728254,0.63367015,0.655268379,3.244726,0.32374817,1.550535551,0.727813612
1281,Annual,502675,315495,FALSE,-6.078447,0.035315454,0.5079284,0.657682563,0.69187593,0.22958377,11.85889542,1.460557669
1283,Multiannual,450673,84385,TRUE,-28.010183,-1.2436507,-0.32409698,-0.306592148,1.1963661,2.8006096,11.76527856,0.539303308
1287,Annual,535485,383995,FALSE,-200.5815,-1.3470285,-0.18044244,-0.201147572,0.35827708,2.9243987,11.79967348,0.547936704
1288,Annual,459155,116855,TRUE,-12995.789,-0.70823646,0.85666597,0.89665426,0.23817761,2.5222278,50.43977937,0.337100834
1297,Multiannual,584646,165511,TRUE,-84.20979,-0.30267203,0.30191377,0.271955174,0.093101464,0.3777744,11.50806925,1.13673649
1305,Multiannual,631670,143580,TRUE,-253311.42,-15.198988,0.32180664,0.307165988,0.36454436,17.17246,86.6781277,0.109499334
1316,Multiannual,467605,138425,TRUE,-38273.35,-56.305836,-0.68536663,-0.648101769,0.31180778,58.277096,87.72500019,0.323638959
1319,Multiannual,501005,342705,TRUE,-1310.0724,-2.688462,0.36979765,0.505748649,4.632833,1.1006204,7.125443053,0.715279108
1328,Annual,423855,132955,TRUE,-329.6176,-0.16494405,0.62921834,0.578710184,0.15801613,0.28538215,79.68959097,3.694173305
1336,Multiannual,624293,151559,TRUE,-0.9430994,0.18486327,0.19558427,0.145127663,0.966207,0.8726375,34.58270599,1.616050148
1341,Annual,397025,210385,TRUE,-1297.4885,-2.9530535,0.71681464,0.694600173,3.9115312,3.6588461,6.724490162,0.545250338
1343,Annual,503235,374265,FALSE,-29.42373,0.037328064,0.6627211,0.750175362,0.39427847,0.33210695,9.642291206,1.070738482
1345,Annual,430885,133395,TRUE,-963.3732,-25.762135,0.706409,0.738160867,27.757458,1.414348,0.196356353,0.169275077
1346,Annual,458945,127395,TRUE,-758.7598,-16.19714,0.19856402,0.382402741,18.16457,1.6911489,0.734855127,0.458574192
1355,Annual,444882,169724,TRUE,-7601.525,-53.182106,0.23271956,0.157819778,17.376446,52.64246,1.20585421,0.283418923
1361,Annual,441855,143655,TRUE,-58.767445,-0.79245615,0.335923,0.280187872,0.7247911,2.6420054,11.21467505,0.421715544
1364,Annual,489362,181621,TRUE,-107.18509,-0.53016543,0.5465274,0.617903515,2.461055,1.0330168,2.323953009,0.32786956
1377,Annual,397812,209071,TRUE,-134.99167,-9.667796,0.025380045,0.123506486,1.0146979,11.623204,16.79161081,0.355208188
1384,Annual,500050,174076,FALSE,-2.1313658,0.31058413,0.6065142,0.695385045,1.1392671,1.5487036,2.061384628,0.226147632
1386,Decadal,547246,173338,TRUE,-181.41174,-5.019261,0.51941586,0.457487543,1.3947791,6.9870887,4.60670438,0.153784395
1388,Annual,591599,341350,FALSE,-1292.9916,-0.5213047,-0.17615399,0.159827539,0.108346954,1.3687621,36.82640666,0.914015167
1393,Annual,545455,381985,FALSE,-28.778694,-2.7952564,-0.23631081,-0.052257073,0.86325186,4.5856524,6.135425214,0.355078531
1420,Annual,406000,137004,TRUE,-627.5191,-4.440933,0.6431656,0.687564301,5.623982,3.8452282,1.493775857,0.277920099
1437,Multiannual,341957,356451,TRUE,-664.1775,-0.17857313,0.35280842,0.328453447,0.22680561,0.38979736,16.49589872,0.494859931
1440,Annual,396629,102247,TRUE,-20.106009,0.138762,0.7771691,0.796821081,0.28576028,0.5734572,23.81127882,3.740866694
1443,Annual,551861,103777,TRUE,-512.30426,-10.346884,0.5201529,0.553268732,0.4935975,12.325434,28.57808355,0.749121404
1452,Annual,418290,136086,TRUE,-13626.395,-16.24289,0.41633457,0.42808935,18.170803,2.4630241,1.565837453,0.230362034
1458,Multiannual,472475,183405,TRUE,-450.97537,-0.38318765,-0.2983474,-0.345330503,0.5443086,1.140881,61.51928129,1.323007524
1461,Annual,587342,278990,TRUE,-575.84546,0.025102675,0.36962032,0.538295525,0.27613983,0.8294942,21.4259125,0.646352168
1465,Annual,548195,155345,TRUE,-1740.5791,-3.2520108,0.7326299,0.75157991,3.6526973,4.312329,2.171011775,0.138528809
1466,Annual,553475,373645,FALSE,-44.75232,-0.412323,0.15845859,0.119084649,2.1188333,1.1862289,1.568019195,0.265320628
1470,Decadal,508045,413785,FALSE,-48.447273,0.34807312,0.88112384,0.884178623,1.5351994,0.64724135,17.84662733,1.362154725
1491,Annual,629110,140204,TRUE,-39.769043,-0.38158453,-0.17249063,-0.169137064,0.3857413,1.395889,40.84597592,4.10600388
1501,Annual,505012,466985,TRUE,-13.564352,-1.2408321,0.010401584,0.34629378,0.7844885,2.9988952,28.52215623,2.855646991
1536,Annual,507345,305125,FALSE,-64.28417,-0.064219356,0.09354369,-0.078864201,0.44479972,1.0515034,8.866930476,0.618391016
1559,Annual,449255,128455,TRUE,0.18976301,0.4227239,0.68652093,0.627070915,0.8552363,0.53737575,2.428662992,0.690434159
1563,Annual,549501,100648,TRUE,-8656.616,-14.256016,-0.25464994,-0.197175093,0.41272828,16.193048,45.39945294,0.291144366
1565,Annual,412060,117120,TRUE,-995.49194,-11.843134,0.68268293,0.779054785,13.178038,5.067104,0.79571781,0.310061605
1570,Annual,502455,109865,TRUE,-73.96044,-6.302305,-0.04088872,0.275358094,1.0331644,8.227692,20.62634691,0.289255677
1608,Annual,443955,152555,TRUE,-35.676483,-0.34806538,-0.22233982,-0.258653471,0.5598934,1.3598224,40.12054382,3.063424967
1609,Annual,498295,341675,TRUE,-11712.776,-0.3735752,0.060639232,0.16940591,1.9947772,0.8786421,26.96994419,0.247906674
1633,Annual,431755,135155,TRUE,-435.45728,-0.28269017,0.8585177,0.892619705,0.026728008,0.17658126,33.89406238,1.580336256
1638,Annual,635152,155598,FALSE,-2.0447378,-0.1489979,0.6131544,0.60944283,1.1277411,2.0743597,0.973659331,0.232742866
1640,Annual,515985,406085,FALSE,-75.651405,-0.24795747,0.5820916,0.43997047,1.8956892,0.23810036,38.13888631,3.921794271
1648,Annual,493325,420065,FALSE,-9.438454,-0.25719965,0.7534238,0.822082868,0.05938076,0.20313968,6.974872194,2.106156453
1669,Annual,496135,403075,FALSE,-52.38731,0.3653862,0.69950855,0.688796671,1.5565766,1.0516031,3.503369411,0.268465771
1690,Annual,458525,132895,TRUE,-6722.575,-4.249054,0.7301673,0.744282779,5.6561866,3.4082754,3.197584766,0.181676672
1719,Annual,535185,379535,FALSE,-228.10858,-4.422981,0.30504766,0.555180418,0.25776887,6.3268104,21.8647021,1.171385919
1722,Annual,497225,398725,FALSE,-104.91495,0.22622877,0.81048536,0.813525801,0.36589912,0.5990999,6.432804739,0.397078754
1726,Annual,504315,345355,TRUE,-5.410978,-0.20097387,0.35127056,0.313211165,1.7323104,0.3034298,4.057757427,1.263388785
1744,Annual,502495,373225,FALSE,-281.07346,0.050369322,0.5202438,0.444749439,0.26714867,0.633175,17.70252392,0.773467333
1755,Annual,506425,354925,TRUE,-42.434425,-1.3822665,0.4128125,0.652844327,3.290733,0.7119921,7.176696073,2.521309915
1767,Annual,495005,414325,FALSE,-18.61025,-0.95993817,-0.24530788,-0.267370139,1.3172656,2.4798372,7.894322165,0.746924988
1768,Annual,555675,367865,FALSE,-7.2037525,-0.17325568,0.1477775,0.137389856,1.7927842,0.85255444,1.471374326,0.449683217
1777,Annual,417605,195685,TRUE,-174.89291,-6.4241815,0.41497988,0.448778822,7.569394,4.408732,0.955861592,0.497811172
1783,Annual,418226,121962,TRUE,-10.680145,0.7413742,0.8987379,0.871190978,1.1825842,0.84737027,9.128858595,0.491823859
1790,Annual,540406,245699,TRUE,-1305.7294,-7.049859,0.731906,0.750204681,7.4981422,5.743735,0.777212661,0.141100866
1804,Annual,505485,373565,FALSE,-0.11117232,0.090081334,0.7699631,0.765770901,0.7379344,0.15955,2.518920473,1.14667649
1814,Annual,346005,445005,TRUE,-189.11102,-2.1160069,0.26252773,0.366308281,3.3504426,2.9081676,1.580257512,0.275186112
1822,Multiannual,498905,408765,FALSE,-6.3338656,-1.9502859,0.5835296,0.562284634,3.8622644,0.41842958,0.513772293,0.57037939
1827,Annual,570359,129219,FALSE,-164.66338,-1.0520356,0.06672383,0.096451857,1.9668745,2.5508099,8.915647663,0.684719144
1831,Multiannual,518824,245735,FALSE,-3396.5193,-6.052036,0.67307323,0.67041003,6.8001113,4.9979167,1.551469263,0.154821945
1832,Multiannual,470084,184289,TRUE,-3417.4421,-0.5057471,-0.12597364,-0.123359734,0.081305675,0.6057187,76.95067844,1.209388819
1841,Annual,608471,320417,TRUE,-88.129166,-23.451546,0.6180206,0.690280582,25.433945,1.8540611,0.083772564,0.219471115
1846,Annual,436720,169680,TRUE,-31.788483,0.37057918,0.6577588,0.603734698,0.50333285,0.8201033,10.42310053,0.912367072
1853,Annual,424055,188965,TRUE,-29903.404,-16.027517,0.21726775,0.211588269,16.099922,8.830505,2.478875725,0.216724592
1869,Annual,516838,171678,FALSE,-41.279655,-5.134538,0.8029261,0.811587887,0.9469458,7.131179,5.055942158,0.195760077
1872,Annual,470825,137595,TRUE,-8.062647,-0.49328363,0.62756276,0.604666991,1.625963,2.303595,7.740519458,2.038893839
1876,Annual,421102,142370,TRUE,-406.04108,0.100207925,0.81128645,0.809152305,0.1689458,1.288725,47.04541291,1.939240363
1877,Annual,525462,109983,TRUE,-545.55286,-9.053645,0.39747602,0.431817137,0.4885893,11.022546,38.39461289,0.943815734
1902,Annual,498585,385795,FALSE,-3.306693,-0.2483021,0.8303318,0.85340757,0.11918495,0.13187815,8.211452911,3.86149925
1924,Annual,484125,177305,TRUE,-0.436666,0.005229116,0.048322823,0.042949329,0.99420375,0.71043885,5.177622408,1.221617169
1927,Annual,474855,112455,TRUE,-199.388,-0.16267467,0.5054413,0.481647087,0.22356698,0.2898058,51.00285457,2.802989581
1931,Annual,445705,139405,TRUE,-357.93274,-0.077510595,0.48671737,0.48714137,0.22824039,0.45049423,26.64633848,1.086615681
1936,Annual,456955,137055,TRUE,-1000.25287,-4.8145294,0.8135694,0.850089917,1.4349949,6.79526,21.71919722,0.304112481
1946,Annual,517355,409105,FALSE,-122.710075,-3.221067,-0.17685053,-0.146272321,3.7472615,3.9807713,6.562070191,1.755521498
1953,Annual,534991,106689,TRUE,-0.59618914,0.3061654,0.7740252,0.739482683,1.0997603,0.35162544,32.95926277,3.260613957
1957,Annual,500795,361435,FALSE,-113.44658,-2.3069456,0.2216815,0.24554943,1.4143096,4.1872454,8.290716136,0.347387591
1965,Annual,427455,143755,TRUE,-27.898022,0.028495848,0.6221125,0.649290746,1.8697883,0.78907394,15.95851152,2.611208846
1975,Multiannual,585718,243969,FALSE,-25.964025,-2.1881466,0.803687,0.852382901,1.3402355,4.163866,4.459121659,0.387624898
1986,Annual,458655,120655,TRUE,-12.5578165,0.12178022,0.31621206,0.590937651,0.4550525,0.9179251,32.36538907,5.029884407
1989,Annual,637448,321063,TRUE,-29.022003,-3.2800913,0.5494787,0.581760655,5.064307,2.2641106,0.134350551,0.106305538
1994,Multiannual,365480,386580,FALSE,-9650.406,-1.0987086,0.66872233,0.666593992,0.16798458,2.8980649,19.24565423,0.163039583
2000,Annual,616405,149524,TRUE,-12.028447,-0.77147806,-0.2503016,0.000707518,0.09553132,0.13004783,24.93449261,6.524916173
2030,Annual,487060,106438,TRUE,-83.85187,-1.7554865,0.609719,0.529452551,3.726464,0.9176301,3.930001057,1.168207595
2058,Decadal,434419,150392,TRUE,-59.103886,-1.3314815,0.29935744,0.26060787,3.108617,0.2938549,13.1209834,3.596062209
2060,Annual,607760,144780,FALSE,-308.52304,-20.878191,0.6956419,0.69262607,22.695171,3.8082576,0.240538432,0.301634272
2066,Annual,541185,376415,FALSE,-117.33468,-1.488653,0.25135255,0.302210999,1.6681846,3.2773821,12.23952229,0.786076825
2070,Annual,413280,137500,TRUE,-1345.8413,-6.4298525,0.6052803,0.619833588,3.584498,7.954706,2.354414557,0.169275965
2077,Annual,570211,315823,TRUE,-6312.304,-64.17161,0.57796156,0.576011103,65.21865,12.097293,0.358044774,0.292486787
2104,Annual,501115,319985,FALSE,-1.9043021,0.04005122,0.2818452,0.702260756,0.8868829,1.626867,3.105098032,0.84045148
2127,Annual,381460,92494,TRUE,-3162.9636,-2.030312,0.55439013,0.517957926,0.49852252,3.9551306,48.8833976,0.436656496
2145,Annual,507575,105255,TRUE,-1026.3018,-0.29160893,0.76963365,0.783353307,0.006264751,0.20774059,25.13697662,0.779628371
2155,Annual,627871,140025,TRUE,-103.74767,0.31763917,0.81240726,0.744967361,0.6251049,0.46159607,100.9011161,3.704209956
2168,Multiannual,455795,84695,TRUE,-109.93579,0.059742987,0.3556615,0.308078012,0.41941386,0.6369155,16.55047613,0.916249918
2172,Annual,598140,317310,TRUE,-643.82605,-28.68887,0.39015788,0.405472459,30.56204,3.6737092,0.316504174,0.371830093
2173,Annual,576482,301571,TRUE,-211.03606,0.037321687,0.83971363,0.834778302,0.16405508,0.5502746,9.231092898,0.530412898
2174,Multiannual,622423,158787,TRUE,-911.7052,-7.3286753,-0.017690862,-0.06424834,7.0612955,6.6207128,0.777633945,0.160019007
2175,Multiannual,478014,137240,TRUE,-51.257645,-2.3197787,0.29447836,0.393697101,1.3031783,4.2297597,5.744050171,0.290819626
2177,Annual,589009,280979,TRUE,-28.686134,0.26754785,0.51223195,0.522831827,0.8884073,1.5349016,18.56928529,0.392290972
2183,Annual,408365,174325,TRUE,-121.094574,-2.6606898,0.5643673,0.501885233,4.520484,0.0960803,18.17280195,5.811443826
2185,Annual,501705,108405,TRUE,-3090.395,-20.239264,0.022101223,0.002299547,2.0109072,22.192709,17.00207838,0.337149063
2214,Multiannual,645401,288532,FALSE,-22942.275,-2.3142028,0.54074067,0.550562739,0.089057155,4.1533213,18.73995722,0.112735902
2218,Annual,410773,115946,TRUE,-65.48047,-2.1375773,0.7089055,0.750562432,0.8015216,4.1177454,12.74008847,0.342952964
2223,Annual,465218,113244,TRUE,-58.823887,-0.0352149,0.47520614,0.477912559,0.15160064,0.72345054,29.10878813,3.215454148
2224,Annual,627137,160209,TRUE,-25.148983,-0.09879851,0.4910466,0.601668176,0.3432357,0.28098333,11.01172718,1.436515833
2226,Multiannual,589929,155935,TRUE,-20.49514,-1.5864644,-0.4716898,-0.457726281,1.0273964,3.1267824,53.02638779,0.52121192
2234,Annual,400285,201265,TRUE,-34.877625,-1.4111838,0.59138894,0.705915709,0.5234855,3.328043,30.87894627,2.793832568
2236,Annual,507360,311200,FALSE,-193.26088,-1.8871813,0.067238316,0.116701729,3.7312944,1.0762635,1.526169619,0.300636177
2241,Annual,559119,121857,TRUE,-1917.5585,-7.214697,0.15374365,0.31374783,9.108994,2.0046666,4.2084447,0.780009455
2246,Annual,414340,124140,TRUE,-195.88992,-0.28392613,0.25889766,0.251937238,0.216797,0.30298746,61.69522238,3.451816429
2261,Annual,503725,313615,FALSE,-4.114126,0.015617728,0.78031266,0.749338827,0.5079131,0.17623045,7.837544354,1.847452573
2273,Annual,504985,102165,TRUE,-350.5068,-1.8419197,0.82553554,0.845651342,3.8361678,1.0472089,2.963685855,0.448564053
2284,Annual,465555,130655,TRUE,-258.4792,-0.010448933,0.666669,0.568713532,0.25814533,1.5996248,60.05198633,2.773266225
2298,Annual,510135,111325,TRUE,-29.707504,0.18044764,0.5763109,0.660148285,1.1795793,1.6781634,78.57170311,2.62805021
2300,Multiannual,348280,366850,TRUE,-19.507286,-1.984792,0.15246418,0.099909381,1.331119,3.8427198,5.671425633,0.772305095
2326,Multiannual,629871,145756,TRUE,-2201.6682,-0.25988078,0.38381574,0.33719588,0.05785134,0.4343393,84.59457277,1.698524395
2327,Annual,431855,126755,TRUE,-2472.7542,-0.030474901,0.7447791,0.789874754,0.037080895,0.7363208,24.4582692,0.473561385
2331,Annual,472225,196855,TRUE,-100.62196,-4.032666,0.8073467,0.808233204,0.64192796,6.016218,29.48201747,1.226018804
2357,Annual,502967,177054,FALSE,-1288.3846,-8.600365,0.345666,0.316705222,10.429724,2.6791503,0.602569341,0.158629044
2361,Annual,494505,316085,FALSE,-320.11966,-5.8169374,-0.026968397,-0.008685648,5.954191,5.5685873,9.366176937,2.730416546
2363,Annual,545070,152140,TRUE,-2746.4104,-21.229397,0.29766852,0.415079858,18.2144,15.046999,2.067012086,0.707561397
2378,Annual,371400,146800,TRUE,-115.05712,-4.266588,-0.12491195,-0.019088276,4.3696103,4.888093,9.124514362,3.241955011
2385,Annual,411780,215820,TRUE,-27607.127,-15.14497,-0.41483507,-0.449362194,11.071633,13.53879,7.765473779,0.472381323
2398,Multiannual,443935,196885,TRUE,-18320.29,-24.615536,0.025404535,0.195519689,3.9573457,26.425735,7.481619512,0.166668698
2406,Annual,629257,157387,TRUE,-222.61314,-1.9431522,0.66176903,0.674190288,3.9233327,0.95669514,3.529626737,0.691018265
2412,Annual,622449,153435,TRUE,-197.28712,-1.7329679,0.7285334,0.732090262,0.28206545,3.6229773,18.26508916,0.952732022
2415,Annual,510645,108545,TRUE,-117.06692,-0.14403963,0.20023353,0.135407552,0.28642058,1.4000063,55.67198469,3.693798951
2416,Annual,605910,148350,TRUE,-152.1581,0.26725006,0.65189934,0.626590396,0.43740982,1.3150275,11.48549714,0.523860295
2425,Annual,486955,370505,FALSE,-699.7735,-1.7142627,0.20157441,0.126240374,3.4130692,1.9522972,1.577232959,0.144187474
2434,Annual,584656,241072,FALSE,-2278.5537,-0.0446043,0.8255443,0.864453081,0.13685945,0.438083,28.74666737,0.519742995
2439,Decadal,348702,351874,TRUE,-1834.4794,-15.858919,-0.055201784,-0.199697431,0.23816526,17.808641,27.98839299,0.547746803
2447,Annual,451475,152505,TRUE,-155.22176,-0.26507103,0.14057761,0.606990859,0.5854668,1.8306396,43.32394579,1.454842331
2449,Annual,439655,144355,TRUE,-671.80615,-0.046489477,0.4845555,0.498961657,0.21672308,0.53531325,21.04124386,0.635754839
2462,Multiannual,621480,164660,TRUE,-0.9711596,0.26991546,0.29639572,0.209919105,0.9160348,0.82417727,4.686316501,0.445406442
2472,Annual,504025,107065,TRUE,-1767.5454,-0.08393395,0.68664813,0.803513248,0.07224866,0.5352419,29.81465983,0.657841263
2474,Multiannual,614729,275194,FALSE,-189.27997,0.35834825,0.8031122,0.847272217,0.39426172,0.9223271,12.36091772,0.543326512
2516,Annual,568828,123806,FALSE,-4301.9756,-0.026572227,0.62030494,0.674133124,0.059027992,1.1557388,34.07750339,0.488883711
2521,Annual,602363,147261,FALSE,-85.40941,-3.26575,0.51124024,0.500153444,3.0287173,4.720497,2.696591894,0.663640123
2522,Multiannual,359315,326625,TRUE,-40.5774,-0.7938006,-0.051683735,-0.014122085,0.7311891,2.4280865,18.16935955,0.832363051
2537,Annual,555918,103838,TRUE,-283.2797,-0.67622566,0.49625224,0.389639597,2.5706785,0.7017714,30.85927662,2.878782512
2542,Annual,464515,169575,TRUE,-572.6661,-15.481022,0.48109457,0.512133435,2.8241827,17.371561,6.269173389,0.674336787
2553,Annual,531495,107640,TRUE,-6399.657,-0.4008386,0.6726264,0.776706528,0.031813934,1.9580162,73.69276245,0.891961344
2570,Annual,408210,206030,TRUE,-2.5315695,-0.3043052,-0.15308127,-0.171051588,1.3532652,0.50319105,28.06371281,6.802000868
2608,Annual,640913,309568,TRUE,-516.6163,-10.407607,0.04732253,0.013097826,12.138245,3.2729976,0.273590958,0.135441455
2610,Multiannual,545020,182100,FALSE,-4134.8564,-3.9604502,-0.42688453,-0.457675164,5.6104317,2.146302,4.505616896,0.323298803
2615,Annual,497175,323195,FALSE,-26.49095,0.17286819,0.6774244,0.534814569,0.348248,0.6059049,11.14346976,1.399154993
2617,Annual,521435,405615,FALSE,-147.57393,-4.745433,0.29981852,0.235517277,6.6709766,0.4001818,3.93152306,1.834832673
2618,Annual,506085,419395,FALSE,-127.05278,0.10691035,0.43685383,0.260031445,0.3796063,1.3091725,24.44306132,1.348364644
2629,Annual,606405,334345,TRUE,-32362.39,-13.120163,-0.49976742,-0.637705713,0.061661806,15.008999,28.51127615,0.149270505
2631,Annual,493495,367095,FALSE,-5482.111,-6.0590134,0.21582182,0.326266614,7.552229,3.5066311,1.741677365,0.154280267
2654,Annual,350974,97557,FALSE,-1677.1505,-0.40166306,0.12667292,0.111997988,0.109167844,1.6390457,38.92461713,0.847282915
2663,Annual,332990,246972,FALSE,-68.03105,-0.98671174,0.44788897,0.570079277,2.8141937,1.5923706,3.351659553,0.743292467
2664,Decadal,619334,155563,TRUE,-225.58925,-2.4093227,0.7690201,0.753518915,4.332561,1.6813084,2.483306975,0.551291727
2674,Annual,565400,268138,TRUE,-40.038635,-0.81269515,0.50429165,0.40307042,1.3526574,2.7075675,9.379216224,0.555624942
2699,Annual,571094,115069,TRUE,-800.16064,0.120605886,0.62617314,0.672902689,0.24364997,1.2480378,31.97347775,0.854914515
2717,Annual,463755,123655,TRUE,-42.748024,-3.8260689,0.38260025,0.318642781,5.268858,3.1648738,0.897508763,0.646200039
2719,Annual,495555,389465,FALSE,-264.0769,-6.26686,0.12969625,0.12058038,6.124054,6.078776,3.581768101,1.213600926
2720,Decadal,334730,390680,TRUE,-10.764843,-0.56546605,0.07539344,0.105585676,1.1025459,2.2590778,23.34252323,0.977048754
2727,Annual,648197,317237,TRUE,-9271.077,-31.517048,0.72413325,0.659005067,33.2649,5.0328035,0.484121673,0.162383773
2730,Annual,457405,87305,TRUE,-102.064,0.34845233,0.7453195,0.822245277,0.4009937,0.9709548,48.44733116,2.865457755
2738,Multiannual,349255,321055,TRUE,-9395.909,-49.049637,-0.2688386,-0.189650654,0.35565218,51.029503,62.76510541,0.49172439
2751,Multiannual,445380,171128,TRUE,-220.86197,-0.7777493,0.7164186,0.797668529,0.6910747,2.7275944,10.39069253,0.217739722
2752,Annual,623067,157493,TRUE,-131.93256,-3.329373,0.5600327,0.698467841,1.8465748,5.222949,6.466397929,0.520762843
2757,Annual,570964,157381,TRUE,-1203.3142,-0.000539064,0.42098206,0.566100087,0.22703375,1.2614236,11.57924238,0.258075435
2760,Annual,509315,336015,FALSE,-12.703742,-0.20408428,0.5205258,0.490294399,0.31337065,0.1348621,12.80165539,2.454390761
2763,Annual,440484,172875,TRUE,-9455.46,-49.577194,-0.32083607,-0.297291398,2.246924,51.544804,14.43240487,0.218790386
2787,Annual,399455,139314,TRUE,-131.71434,-0.7004484,0.46796003,0.630848368,0.5327564,2.546012,18.38601683,0.760466468
2790,Multiannual,365385,328345,TRUE,-164.42126,-10.212119,0.20358369,0.228299852,1.3072895,12.17963,3.294394697,0.220714685
2796,Annual,446580,216540,TRUE,-13.92791,-0.22649515,0.71764255,0.68198613,2.1076243,1.4446728,9.442851845,2.803911439
2802,Annual,518485,408285,FALSE,-1.6055226,0.02860272,0.6429293,0.594155465,1.2708038,0.13815406,9.399916261,1.916545657
2806,Annual,542795,381065,FALSE,-86.05715,-1.6707075,0.23264253,0.237376862,0.757822,3.54662,7.929248468,0.221545734
2812,Annual,587386,305276,TRUE,-177.33711,0.15996599,0.364615,0.39693571,0.6918538,1.454962,38.33819155,0.889785993
2847,Annual,434975,221835,TRUE,-10.540125,-1.3179612,-0.4447497,-0.397674137,0.96410334,2.8122828,7.093809934,0.707165319
2848,Annual,646118,259734,TRUE,-1.2937365,-0.11511552,0.7313727,0.811549657,0.97876704,2.082081,0.488624865,0.159521638
2865,Annual,390610,136320,TRUE,-8047.9805,-18.210106,-0.11314044,0.038128692,0.37727478,20.16775,82.74155303,0.58961414
2867,Annual,497021,448091,TRUE,-371.83463,-1.3262639,0.43848643,0.365144421,3.2539816,1.1255952,22.06660112,2.580325475
2871,Multiannual,379765,304205,TRUE,-24.248943,-2.8967724,0.5844153,0.557201379,1.1563778,4.871405,5.702416707,0.357776236
2880,Annual,581500,154690,FALSE,-36378.227,-53.787518,0.10818737,0.163386029,15.567548,53.808056,2.56430889,0.204112469
2885,Annual,597318,293441,TRUE,-28.662834,-0.37437427,-0.27524143,-0.274673872,0.5905035,1.3081855,6.034160233,0.482454834
2886,Annual,312812,99233,TRUE,-452.75784,-0.80527294,0.10537603,0.085362092,0.40589473,2.4511087,13.26818375,0.372727703
2901,Annual,503595,344265,TRUE,-16.254982,-0.29003143,0.6675161,0.705243569,2.2446272,0.9326212,5.026895964,1.534226247
2910,Annual,565597,122641,FALSE,-131.56477,-7.1449594,0.3798173,0.747683519,0.6344075,9.113102,8.883223054,0.436175104
2915,Annual,499825,323385,FALSE,-173.35114,-1.5753574,0.34019148,0.372694693,3.4894016,0.9993277,5.408964974,1.023635776
2919,Annual,586637,327012,TRUE,-423.1591,-2.158713,0.748309,0.714428163,4.083172,1.6388966,2.487677515,0.372957829
2930,Annual,386440,176290,FALSE,-26.077581,0.12612796,0.6856003,0.714519041,1.5126094,0.36593634,28.81606204,2.872405226
2938,Annual,418293,136088,TRUE,-2253.9421,-8.066208,0.6775918,0.700877308,9.437387,4.301955,1.274541157,0.227151276
2945,Annual,552228,137037,FALSE,-123.78341,-3.2266884,0.35991597,0.390144116,5.172036,1.2220569,4.480810454,1.684429251
2948,Annual,499911,444161,TRUE,-94.68653,-1.7728617,0.09877488,0.125489761,3.2501264,2.3466601,6.104580283,1.450787478
2972,Multiannual,542202,126857,TRUE,-1693.4971,-1.6095178,0.7755457,0.725976156,0.5115279,3.5535562,30.11982586,0.358273254
2981,Annual,598956,285441,TRUE,-2159.071,-19.728958,0.7183583,0.742892336,21.710188,1.8363818,0.876783131,0.390855794
2989,Multiannual,613164,154883,TRUE,-1433.3556,-17.274921,0.07177939,0.028522348,0.6023682,19.247026,63.64269965,0.775208309
2993,Multiannual,509406,444019,TRUE,-5040.236,-28.790195,0.4742717,0.544154683,6.8217583,30.211313,1.373374304,0.124021326
3066,Annual,410345,302925,TRUE,-3401.217,-5.6388,0.78601336,0.790174078,6.241423,5.0688477,3.246893072,0.292573211
3067,Annual,410345,302905,TRUE,-13.153062,-1.8286955,0.8575512,0.895722031,0.8602602,3.821666,3.489598136,0.215876378
3077,Annual,358934,524421,FALSE,-4995.405,-29.751165,0.3465255,0.342881805,29.452452,12.647845,0.34058022,0.139228468
3078,Annual,358929,524418,FALSE,-37384.914,-105.83892,0.79876065,0.712928376,105.14149,24.85661,0.32761668,0.177838579
3087,Multiannual,359390,369230,FALSE,-125.52372,-4.4878683,0.16293496,0.129647588,0.70473665,6.4156466,5.642516015,0.179180207
3091,Multiannual,359527,369445,FALSE,-236.7214,-2.4166963,0.7967291,0.797979798,2.071519,4.2379737,3.003786532,0.214329607
3128,Decadal,445753,461751,TRUE,-1821.6877,-5.070539,0.1353834,0.156378225,2.5644748,6.801441,5.15087557,0.191149393
3136,Multiannual,358148,367598,FALSE,-1168.4375,-2.1868255,0.12073235,0.160376168,0.19247806,3.9547913,7.160933886,0.1702424
3249,Annual,429575,283405,TRUE,-370.01703,-7.480443,0.56601053,0.517312363,9.419625,1.9162467,4.443936099,1.949096565
3251,Annual,429565,283405,TRUE,-140.18481,-2.8000727,0.2481516,0.280091358,4.7030563,1.4033077,5.636926662,1.771058337
3360,Multiannual,391096,377494,FALSE,-1232.1061,-7.9392643,0.6741458,0.683647186,0.27471778,9.903887,8.446034603,0.180845476
3361,Multiannual,591287,164798,TRUE,-5324.617,-56.319893,0.40779397,0.397209898,58.266663,3.4025185,0.287773509,0.226030892
3372,Annual,500045,333785,FALSE,-2.3869066,-0.11645126,0.01666858,0.334179401,1.1186812,1.5152065,17.86056881,5.63368423
3378,Multiannual,381770,390045,FALSE,-36.40408,-1.2726946,0.86164093,0.8715166,1.4447893,3.2244747,1.441745576,0.11414323
3416,Annual,339245,396655,TRUE,-53.18775,-2.673162,0.82827264,0.795389434,1.9175608,4.5526032,0.814720313,0.118194197
3438,Multiannual,428401,147621,TRUE,-134.31721,-0.5715816,-0.012394574,-0.008897647,0.08979347,0.21485674,25.6722101,2.016604027
3445,Annual,486406,112749,TRUE,-3.5093899,-0.2315799,-0.03022159,0.219954413,0.7550453,1.6288332,4.291298135,1.207495111
3447,Annual,445400,182970,TRUE,-1.5306528,0.4150383,0.62314034,0.619419359,0.79853696,0.6005385,20.40028514,2.967269347
3469,Annual,431189,181029,TRUE,-155.52861,-3.0930324,-0.15704305,-0.097437537,4.446051,2.8811977,9.957931229,2.836844174
