No,DECIPHeR-GW_No,elev,label,easting,northing,NSE_DGW,KGE_DGW,Pearson_r_DGW,Spearman_r_DGW,Mean_ratio_DGW,STD_ratio_DGW,NSE_LSTM_10,KGE_LSTM_10,Pearson_r_LSTM_10,Spearman_r_LSTM_10,Mean_ratio_LSTM_10,STD_ratio_LSTM_10,Pearson_diff,Pearson_calss,Sample Count,P,PET,TAS,DTR,HUSS,WIND,PSURF,RLDS,RSDS,elev,slope,hand,t_clay,t_sand,t_silt,t_bd,s_clay,s_sand,s_silt,s_bd,ts,sy,sdf,pop_dens,irri_int,gw_abs,Aquifer,Top Soil,Sub Soil
132,2811,130.0462952,Toad Hall,556510,131382,-778.3242895,-24.74665139,0.183261693,0.186933447,0.545108656,26.72967296,-15.034441,0.1456539,0.43244928,0.431308889,1.1972046,1.6073775,-0.249187587,Others,56,2.451204822,1.352334044,283.8105332,8.545290384,0.006871268,3.4698129,100083.0196,320.2721215,116.1873677,130.0462952,5.002307892,42.09999847,19,37,44,1.409999967,31,31,38,1.330000043,50,0.00014,1.470704813,246.9154949,251,0,Corallian Limestone,loam,clay loam
137,1737,52.74417877,Lullingstone,553496,164800,-285.0466693,0.181864888,0.911122186,0.899506642,0.582076029,1.697700042,-1624.8922,-4.287958,0.3827373,0.319867067,1.9872031,6.15821,0.528384886,DGW outperform,1825,1.792880614,1.389624776,284.0798996,8.545290384,0.006861111,3.537953544,100729.3425,321.8322826,114.9573424,52.74417877,2.858519554,16.5,21,44,35,1.409999967,25,40,35,1.370000005,550,0.015,16.51576374,413.8281749,1,3490.212891,Lower Greensand,loam,loam
177,114,98.39550781,Asthall Barrow Farm,428955,210655,-6.681606405,-0.028162233,0.758715754,0.763281589,0.023601158,1.213412256,-7.263875,-0.0650152,0.9499252,0.96538201,2.0471807,1.1875241,-0.191209446,Both Perform Well,57,1.874479737,1.41466859,283.6218576,7.806790904,0.006701196,3.584087332,100098.3191,322.4127155,116.8608451,98.39550781,1.502653718,3.800003052,51,17,32,1.220000029,52,19,29,1.230000019,184,0.02,1.782402328,312.0678377,51,0,Oolites,clay,clay
238,2164,80.21742249,Pickworth Plain,497435,312335,-304.5415873,-1.421668282,0.520933507,0.540207213,3.340749914,0.60520587,-27.014666,0.020517468,0.8493767,0.942469281,0.29728267,0.33450264,-0.328443193,LSTM outperform,59,1.743756847,1.509396009,283.4353129,8.170701117,0.006566161,4.437164208,100448.0259,321.2236694,118.8052939,80.21742249,1.558400154,1.099998474,49,19,32,1.24000001,51,18,31,1.230000019,130,0.0005,5.04442609,74.53048326,101,0,Oolites,clay,clay
264,2533,175.2384186,Soundess House,471045,187253,-49.92354851,0.555785235,0.563632932,0.579514998,1.0789458,0.973959632,-174.4532,0.05885738,0.25619256,0.19299313,0.85333353,1.5576653,0.307440372,Others,39,2.049233299,1.470340541,283.2442582,8.154764635,0.006580623,4.249564207,99274.83763,319.5642603,119.3912903,175.2384186,2.03237772,59.50000763,24,52,24,1.409999967,36,43,21,1.320000052,550,0.015,7.647990614,94.25878722,251,0,Chalk,sandy clay loam,clay loam
311,1252,108.6147919,Hazelwood Cottage,589670,149272,-9502.696641,-10.64724956,0.642881975,0.668592552,10.56209584,7.640573181,-6598.356,-7.040244,0.5294805,0.637813472,8.987611,1.7888217,0.113401475,Others,56,1.828313254,1.509166751,283.8821058,7.604655088,0.006886554,4.396422273,100109.8072,320.5258706,124.4884452,108.6147919,2.566547394,42,22,42,36,1.399999976,25,41,34,1.379999995,270,0.0006,12.79083825,101.0276796,1001,9.910313606,Corallian Limestone,loam,loam
324,1000,187.9916992,Fox Farm,414670,227860,-176.1956361,-0.386751054,0.213302476,-0.068786672,0.421839984,1.984843382,-3.7699208,-0.17045653,0.46360135,0.311711895,0.9461224,2.0389156,-0.250298874,Others,57,2.135213585,1.434528754,283.1003729,7.806790904,0.006550985,4.381621449,99154.66361,320.3572311,116.1421263,187.9916992,4.022895813,0,49,19,32,1.24000001,51,18,31,1.230000019,184,0.02,1.452256963,73.43486748,51,0,Oolites,clay,clay
423,3162,157.72229,Woolbeding Pound Common,487395,125045,-49227.75295,-25.84404172,-0.268223616,-0.270395623,2.532184737,27.77025578,-1860.4006,-1.3413293,0.36080095,0.356414097,0.70039064,3.2323818,-0.629024566,Others,53,2.565388828,1.533344336,283.4428729,8.449890581,0.006713387,4.921697022,99452.1603,319.1166541,124.9901054,157.72229,3.684126377,60.29999542,4,87,9,1.730000019,4,88,8,1.74000001,270,0.0006,14.27648075,89.74661279,1001,0,Lower Greensand,sand,sand
534,3005,69.5762558,Westerley,505649,194842,-168.3236997,0.561806349,0.629628328,0.71990563,0.85104485,1.1806955,-17763.533,-2.5772936,0.5972452,0.614246185,2.52923,4.208797,0.032383128,Others,54,1.787842281,1.478305498,284.0397052,7.941128241,0.006792634,3.501646172,100879.0901,322.7833433,121.2268798,69.5762558,2.572648048,22.80000305,22,42,36,1.399999976,25,41,34,1.379999995,550,0.015,30.69705609,1084.283055,101,0,Chalk,loam,loam
547,373,131.804718,Brightwalton Holt,443980,177743,-6.409636404,0.130154322,0.668536691,0.658547057,0.51489522,0.358566502,-14.08723,0.058047414,0.84833187,0.849264249,0.2868882,0.4035582,-0.179795179,Both Perform Well,1659,1.933187295,1.503840154,283.4639305,8.427272862,0.006669004,4.285347325,99709.32907,320.9354997,122.4316511,131.804718,1.996718884,0,11,35,54,1.49000001,20,37,43,1.399999976,550,0.015,28.9140785,53.09990584,51,0,Chalk,silt loam,loam
574,3073,126.3532867,Wildhern,435355,151255,-30.72578389,0.037775188,0.655540653,0.647761692,0.435030183,0.301406089,-3.6238356,0.35938317,0.7882175,0.759697678,0.79418814,0.43151128,-0.132676847,Both Perform Well,60,2.131599123,1.500137326,283.6008673,8.427272862,0.006737569,4.286395782,99864.42347,321.2722478,123.0680143,126.3532867,1.9591856,12.00000763,19,37,44,1.409999967,0,0,0,0,550,0.015,34.44516392,304.5084898,1,0,Chalk,loam,
586,2439,180.5866852,Shalden Manor,469505,141905,-160.1353879,-0.33172368,0.576489671,0.47402734,1.164457579,2.251830925,-108.23778,0.7011187,0.7435869,0.728503089,1.1365899,0.9298189,-0.167097229,Others,54,2.355093098,1.453919913,283.4285066,8.427272862,0.006684387,4.204864701,99467.84865,319.6573402,120.3525675,180.5866852,1.745035648,54.8999939,24,48,28,1.399999976,34,41,25,1.330000043,550,0.015,31.55244568,305.6661161,501,0,Chalk,sandy clay loam,clay loam
603,1260,105.1357346,Heath End,458205,162865,-876.5877005,-0.940300233,-0.029769416,0.024101313,0.612277819,2.598127484,-1797.4407,-0.66065526,0.21544161,0.270615758,0.44330147,2.3536396,-0.245211026,Others,1670,1.927327488,1.494517869,283.7886039,8.427272862,0.006769544,4.242946927,100285.7436,321.9508089,120.6785893,105.1357346,0.778166413,13.5,6,75,19,1.629999995,7,79,14,1.629999995,100,0.005,21.01959152,233.8611061,51,0,Chalk,sandy loam,loamy sand
637,827,161.1767578,Dummer Village,458855,146055,-9.347956576,0.770977761,0.802565787,0.787997083,0.929636665,0.907696593,-8.107017,0.74208385,0.80523473,0.741657646,0.93410385,0.84429276,-0.002668943,Both Perform Well,62,2.335158815,1.454591264,283.5492684,8.427272862,0.006716571,4.228516424,99734.25546,320.5191862,118.8540999,161.1767578,0.484552354,16.29998779,22,42,36,1.399999976,25,41,34,1.379999995,550,0.015,34.07260984,362.7019291,1,0,Chalk,loam,loam
669,511,31.33539009,Caudle Common,586092,303080,-52.59870563,-1.986038914,0.097830693,0.154007248,3.796053658,1.533481842,-803.9675,-10.388868,0.47245997,0.5560153,12.086639,3.552408,-0.374629277,Others,49,1.868236582,1.531000823,283.7828214,7.787020949,0.006692396,4.211911876,100966.6338,321.115654,122.3355726,31.33539009,4.945590973,3.20000267,19,37,44,1.409999967,31,31,38,1.330000043,550,0.015,56.52101026,61.57651643,5001,0,Chalk,loam,clay loam
683,2905,145.4871521,Waltham Well Cottage,610938,148896,0.204623726,0.17719308,0.823534547,0.761776739,0.974874547,0.196731749,-14.669061,-0.024416208,0.6038972,0.568790181,0.65976965,0.11865197,0.219637347,Both Perform Well,59,2.225082146,1.504297068,283.6933331,6.701862052,0.006873713,4.51205554,99631.38072,319.6009327,126.0505392,145.4871521,0.782675683,49.50000763,24,48,28,1.399999976,34,41,25,1.330000043,550,0.015,25.14424588,109.0240691,1001,0,Chalk,sandy clay loam,clay loam
697,147,222.8627625,Barbury Castle,414545,176455,0.210195885,0.228517557,0.507540167,0.47685564,0.984433095,0.406345097,-17.115551,0.3780291,0.94137615,0.942255991,1.3406179,0.48290196,-0.433835983,LSTM outperform,59,2.161336258,1.464407372,283.0395706,8.146276078,0.006568057,5.121868007,98814.51724,319.4049378,116.8609777,222.8627625,6.852643013,43.80000305,22,41,37,1.399999976,29,37,34,1.350000024,550,0.015,19.4122403,134.8419339,51,0,Chalk,loam,clay loam
700,2808,64.92463684,Tillington,496055,122035,-3783.435774,-28.5060254,-0.173016179,-0.19876618,3.5807679,30.36952851,-1133.7654,-1.7633588,0.7004012,0.710296789,2.623379,3.216093,-0.873417379,Others,58,2.339868563,1.522081691,283.9705022,6.336254195,0.006878533,4.156813747,100432.0186,321.4420958,125.9756617,64.92463684,3.034227371,48.40000153,10,75,15,1.580000043,15,68,17,1.50999999,270,0.0006,6.246655208,56.4955544,1001,7.126821995,Lower Greensand,sandy loam,sandy loam
748,684,10.77464867,Council Houses Oxborough,574327,301697,-13.46101203,0.248935703,0.750067882,0.68806322,0.759053079,0.333984913,-12.346545,0.025505245,0.78475493,0.79170521,0.7788907,1.9243551,-0.034687048,Both Perform Well,56,1.734556409,1.516122534,283.9469213,7.787020949,0.006730133,4.103461483,101291.0755,322.0741508,120.3808526,10.77464867,0.812401891,2.900000572,5,90,5,1.710000038,8,87,5,1.629999995,550,0.015,44.85221036,35.51648287,5001,0.286249995,Chalk,sand,loamy sand
751,3116,94.12808228,Winterbourne Farm,445765,172445,-494.806362,-23.08292954,0.829773175,0.886419905,-23.0649777,1.913983934,-391.3522,-20.355814,0.7690563,0.817406601,22.148731,3.9581769,0.060716875,Both Perform Well,1505,1.866100766,1.466674936,283.743855,8.427272862,0.006753945,3.521728265,100248.1197,322.1439143,122.6862065,94.12808228,1.671885967,0,22,41,37,1.399999976,29,37,34,1.350000024,550,0.015,28.04038051,168.1587598,51,0,Chalk,loam,clay loam
767,2133,123.6120758,Peasemore,446125,176275,-5.407022314,0.134960821,0.688921876,0.677687171,0.559230349,0.323800845,-4.1766257,0.5305494,0.817687,0.830248899,1.3995757,1.165787,-0.128765124,Both Perform Well,1270,1.916429353,1.422610889,283.5638707,8.427272862,0.006697105,3.52250048,99904.48852,321.3394248,119.5743738,123.6120758,4.962615013,3.900001526,11,35,54,1.49000001,20,37,43,1.399999976,550,0.015,26.92836753,61.54395241,51,5.540248871,Chalk,silt loam,loam
785,2040,104.6066589,Old Castle Dallington,565468,119119,-170.2604723,-6.800611816,0.469825401,0.433919979,3.312753025,8.43099139,-36.53604,-0.37139976,0.85703135,0.841685901,2.3638823,1.011123,-0.387205949,LSTM outperform,58,2.458817086,1.391698945,283.8925505,6.103997887,0.00695311,4.222472418,100150.4385,320.574537,117.46779,104.6066589,7.66973877,18.20000458,19,37,44,1.409999967,31,31,38,1.330000043,50,0.00014,3.694811257,83.70608256,501,0,Corallian Limestone,loam,clay loam
800,1528,169.0644531,Kingsmilldown,610570,143953,-22.34895788,0.244086477,0.712322062,0.707666681,1.377298362,0.411533684,-0.5629281,0.22117919,0.86655974,0.927658207,0.9242851,0.23644067,-0.154237678,Both Perform Well,59,2.278806127,1.507769586,283.66263,6.701862052,0.006881277,4.496313059,99562.86381,319.4897937,127.324739,169.0644531,2.336825609,38.19999695,24,48,28,1.399999976,34,41,25,1.330000043,550,0.015,21.83665999,97.09112784,1001,0,Chalk,sandy clay loam,clay loam
859,877,34.38078308,Egdean,499825,119865,-19.0504434,-0.659695116,-0.167961506,-0.25200726,1.270068142,2.147831432,-44.637295,-0.14076054,0.27583855,0.215645861,0.5123798,0.2657311,-0.443800056,Others,58,2.432201535,1.479222403,284.3612733,6.336254195,0.007002895,3.395691537,101215.1407,323.1834637,125.464417,34.38078308,9.356496811,16.49999809,21,39,40,1.399999976,21,41,38,1.399999976,270,0.0006,4.987096846,78.28291209,1001,0,Lower Greensand,loam,loam
890,1204,107.3000031,Hardwick Hall,434770,529240,-2272.530476,-1.242617697,0.0237003,0.132947233,0.597405317,2.978406063,-2477.598,-2.6427197,0.0986266,0.135724177,0.5804756,4.5044303,-0.0749263,Others,1822,1.864567359,1.386386254,282.4353444,6.11478648,0.006251348,4.322075075,99604.54985,317.044802,114.3339226,107.3000031,3.060391665,11.69999695,22,41,37,1.399999976,29,37,34,1.350000024,260,0.01,0.759500651,138.0759607,251,0,Magnesian Limestone,loam,clay loam
900,1966,93.76413727,North Court Wood,624070,143381,0.177485057,0.178416448,0.825010499,0.758099795,1.033170836,0.197953927,-32.063618,0.3060041,0.795502,0.793984962,0.42815286,0.6641404,0.029508499,Both Perform Well,56,2.466319825,1.517841161,283.7573236,6.701862052,0.006945893,4.57887711,99730.87635,319.991067,129.0668127,93.76413727,9.701795578,9.199996948,24,48,28,1.399999976,34,41,25,1.330000043,550,0.015,32.56448111,263.0944058,1001,0,Chalk,sandy clay loam,clay loam
901,388,46.60559845,Brock Cottage,496495,163345,-274.9325033,-6.90369486,0.187597329,0.183656101,0.331292012,8.833340537,-657.17285,-2.1241,0.8308738,0.813934194,2.203553,3.8780084,-0.643276471,LSTM outperform,1825,1.738608978,1.475764327,284.1395305,8.449890581,0.006861416,3.452407897,100992.8462,322.9607716,122.5809114,46.60559845,0.953413188,18.90000153,4,86,10,1.730000019,5,85,10,1.700000048,75,0.05,6.409710655,648.202002,251,0,Chalk,loamy sand,loamy sand
902,1948,89.45890045,Neylands Farm,538051,134071,-2215.382312,-30.10143271,0.239763424,0.200693947,32.0873358,1.546543339,-1101.2867,-20.931324,0.38680378,0.444724477,22.908216,1.7993307,-0.147040356,Others,52,2.392606791,1.404207593,283.9416738,8.550876397,0.006877304,3.437189837,100437.476,321.044834,120.0170915,89.45890045,5.778010845,20.40000153,9,77,14,1.600000024,17,67,16,1.480000019,50,0.00014,5.885854623,351.4578196,251,0,Corallian Limestone,sandy loam,sandy loam
912,2860,58.79610443,Upper Fudges,380005,265485,-136.822043,-0.138636137,0.925619511,0.901683332,2.127182622,1.14289553,-1.7758031,0.35971844,0.7413215,0.725079042,0.85652864,0.43214312,0.184298011,Both Perform Well,56,1.946768891,1.462544857,283.7167809,7.772891658,0.006739398,3.731729863,100548.1851,324.0488923,120.4413041,58.79610443,3.206155777,16.5,20,42,38,1.409999967,20,45,35,1.419999957,33,0.01,3.321172543,136.8836442,251,0,Triassic Sandstone,loam,loam
948,537,101.6409454,Charing 6,591385,150264,-2989.826391,-13.452378,0.535461449,0.555818155,1.949752421,15.4136534,-3705.996,-1.8106325,0.8926878,0.883043796,2.0978482,3.5851347,-0.357226351,LSTM outperform,55,1.866100768,1.457672277,283.8888736,7.604655088,0.006888489,3.654372662,100122.7094,320.5489176,124.2745859,101.6409454,4.237512112,20,22,41,37,1.399999976,29,37,34,1.350000024,270,0.0006,14.49433324,96.80684047,1001,893.15625,Lower Greensand,loam,clay loam
1016,1520,90.3324585,King Georges Field Hythe,561803,157429,-53.17262764,-5.367829019,0.102471818,0.126813608,0.977952347,7.304221084,-1722.0774,-0.0524261,0.38695055,0.349772046,0.20319375,1.3112429,-0.284478732,Others,1826,1.888882801,1.457470172,283.9198881,8.545290384,0.006837161,3.546519193,100367.3653,320.928849,123.0214514,90.3324585,3.873465061,8.900001526,22,41,37,1.399999976,29,37,34,1.350000024,270,0.0006,10.44748075,276.6410566,251,40507.78516,Lower Greensand,loam,clay loam
1092,2363,67.65250397,Russells Farm,462355,114355,-5.427116731,0.225458242,0.855200188,0.850926672,0.719699694,0.292624791,-1.2989829,0.50811213,0.9082964,0.902636917,1.163686,0.5453014,-0.053096212,Both Perform Well,60,2.411500552,1.453523377,284.0828612,6.406078896,0.006914796,3.434772697,100648.3962,322.2768363,123.8455739,67.65250397,0.633584857,29.20000458,22,41,37,1.399999976,29,37,34,1.350000024,550,0.015,40.68281264,129.6632918,101,0,Chalk,loam,clay loam
1116,1352,128.5601501,Hodcott 2,448265,182115,0.12290115,0.301627088,0.58895439,0.583039087,1.077232946,0.440713577,-54.795662,-0.33866,0.61388934,0.624867488,2.2756453,0.874865,-0.02493495,Others,1790,1.928587077,1.508349053,283.484928,7.847316624,0.006667576,4.278270928,99721.26153,321.0259069,122.5679767,128.5601501,9.193787575,5,22,42,36,1.399999976,25,41,34,1.379999995,550,0.015,24.66242409,85.62966978,51,0,Chalk,loam,loam
1120,1762,175.2158508,Maharajas Well,467865,184125,-78.31357774,-0.462378619,0.732580921,0.740527175,1.055832156,2.436635317,-2173.2422,-2.8881664,0.23447043,0.174792626,0.70276695,4.8004622,0.498110491,Others,60,1.97918948,1.494719108,283.3155686,7.847316624,0.006605555,4.249807232,99381.40904,319.9113446,121.4797577,175.2158508,1.004248977,36,24,48,28,1.399999976,34,41,25,1.330000043,520,0.005,6.567861314,136.8136205,251,0,Chalk,sandy clay loam,clay loam
1121,2500,120.8214111,Skillington,490105,327025,-438.1771041,-3.194301933,0.479015908,0.491070939,1.730932121,5.09713101,-164.78104,-0.09024465,0.2955066,0.354967258,1.4568142,1.6954466,0.183509308,Others,50,1.860021908,1.48176485,283.1015493,8.170701117,0.006472129,4.434378126,99901.16379,319.867742,118.1588517,120.8214111,1.687005043,7,48,23,29,1.25,45,26,29,1.25999999,130,0.0005,12.77346886,48.53513458,751,0,Oolites,clay,clay
1127,2853,22.50034332,Upgate Common,614960,318020,-137.8074559,-8.000291231,0.232445677,0.316567027,9.960118607,1.363836708,-5.891622,-1.0418084,0.51112765,0.550461214,2.9009252,0.43742776,-0.278681973,Others,54,1.833954,1.524362692,283.7946855,7.324315532,0.006742174,4.6041263,101112.0179,320.881002,121.3421254,22.50034332,3.509184361,6.600000381,19,37,44,1.409999967,31,31,38,1.330000043,550,0.015,86.31138267,210.7575057,1001,0,Chalk,loam,clay loam
1137,2914,103.2318878,Warren Farm,451585,142555,-134.7318664,0.465726509,0.795639101,0.746905262,0.507751566,1.03709806,-20.883354,-0.36465096,0.9620899,0.949914557,0.8113175,2.3510141,-0.166450799,Both Perform Well,60,2.144578313,1.504809799,283.7981751,8.427272862,0.0067968,4.239339465,100222.1558,321.7425298,122.9882305,103.2318878,0.530748069,0,22,42,36,1.399999976,25,41,34,1.379999995,550,0.015,40.77424346,80.82547211,1,0,Chalk,loam,loam
1148,718,134.1864624,Crofton Farm Burbage,426272,162664,-6.069344147,-0.684842985,0.695399911,0.753422803,1.099519474,2.654089037,-721.31805,-3.1824622,0.43633682,0.513656734,2.6001368,4.8229446,0.259063091,Others,56,2.069989052,1.462645775,283.5670051,8.146276078,0.006724043,4.320162958,99803.27118,321.4690697,118.869378,134.1864624,2.322672129,7.199996948,19,37,44,1.409999967,0,0,0,0,550,0.015,28.55248564,37.85776454,51,21.31223869,Chalk,loam,
1163,2427,29.77820206,Sedgeford,571006,337418,-0.813800593,0.312701824,0.637488763,0.671806035,1.045191626,0.417829833,-338.66812,-0.048843145,0.43292692,0.519865596,0.23157647,0.5663822,0.204561843,Others,45,1.697590368,1.547305179,283.6381785,7.787020949,0.006670339,4.961812864,101016.8128,321.0253796,121.5975018,29.77820206,1.814736485,0.799999237,10,82,8,1.590000033,17,75,8,1.5,550,0.015,47.38454032,123.8243224,1001,0,Chalk,loamy sand,sandy loam
1172,878,56.79218292,Eggarton Manor,607856,150448,-5.782430907,0.271521316,0.79543739,0.793214296,0.786875916,0.334107023,-43.05926,0.11634493,0.60979974,0.630819136,0.436212,0.44256583,0.18563765,Both Perform Well,59,2.048849942,1.397401661,284.1926862,7.604655088,0.007009192,3.745461935,100710.5185,321.9514131,118.168885,56.79218292,3.96509099,12.20000076,19,37,44,1.409999967,0,0,0,0,550,0.015,23.97593657,109.3453851,1001,0,Chalk,loam,
1184,2631,94.75866699,Stitches Farm,555265,133204,-57.71698081,-10.17691003,0.314698851,0.419829706,-8.297493849,7.165248427,-203.3066,-39.221313,0.66487324,0.686048587,41.219795,0.8573226,-0.350174389,Others,57,2.384665937,1.35361867,283.8898683,8.545290384,0.006887331,3.471657953,100248.2565,320.6666146,116.146227,94.75866699,4.947782516,27.80000305,19,37,44,1.409999967,31,31,38,1.330000043,50,0.00014,0.140267282,253.3048114,251,0,Corallian Limestone,loam,clay loam
1205,1651,74.10975647,Little Witley,378375,263555,-595.896677,-1.584375574,0.827057397,0.807693048,0.46082949,3.521583456,-97.15091,-0.8260765,-0.36556804,-0.286678233,1.2115613,2.1937478,1.192625437,DGW outperform,54,1.967196058,1.449836077,283.7303559,7.772891658,0.006745798,3.73672563,100561.321,324.1083135,119.3125517,74.10975647,1.855733633,24.69999695,20,42,38,1.409999967,20,45,35,1.419999957,33,0.01,2.954942012,80.04593518,251,0,Triassic Sandstone,loam,loam
1213,206,53.82492065,Bell Slack,510601,471998,-26.41560816,0.006640211,0.740642053,0.683226184,0.491560292,0.186989429,-0.87763524,0.3999685,0.45612115,0.391368544,1.0979574,0.7662526,0.284520903,Others,58,1.985815989,1.453148383,282.8519702,6.475027417,0.006481285,4.801826415,100218.1602,318.3489285,121.5908242,53.82492065,3.827138662,12.09999847,22,42,36,1.399999976,25,41,34,1.379999995,550,0.015,2.826764407,107.7101571,51,0,Chalk,loam,loam
1278,1712,89.89442444,Lower Beeding,523470,127695,-313.6044363,-13.3272494,0.449308346,0.418026279,6.149188611,14.35861785,-42.922485,-2.1040199,0.79150593,0.806915223,4.096673,0.95417374,-0.342197584,LSTM outperform,54,2.266922234,1.48190899,283.9512025,8.550876397,0.006883135,4.165065835,100451.0517,321.1236893,122.5395065,89.89442444,0.510534406,5.699996948,19,37,44,1.409999967,31,31,38,1.330000043,50,0.00014,0.486447137,147.5683248,1,0,Corallian Limestone,loam,clay loam
1281,475,36.36389542,Careby,502675,315495,-41.07069406,0.119307773,0.753355024,0.759544829,0.2052848,0.7115337,-34.77821,-0.11983979,0.5696471,0.72390066,0.27125397,0.2666744,0.183707924,Both Perform Well,54,1.68044907,1.484838837,283.6770585,7.961938764,0.00663459,3.704363084,100976.3347,322.2920951,120.3740155,36.36389542,1.95681572,6.800001144,22,42,36,1.399999976,0,0,0,0,130,0.0005,5.853806088,71.84249205,101,0,Oolites,loam,
1283,1323,48.01959229,Highwood Lane,450673,84385,-1619.722309,-4.546050938,0.129365149,0.18561181,2.823956213,6.164674209,-1.7204483,0.33090466,0.63154286,0.606983657,1.0515444,1.5561244,-0.502177711,Others,51,2.318400876,1.450044714,284.2345835,6.406078896,0.007002057,4.184766015,100881.3354,322.3797764,119.7931858,48.01959229,4.367772579,17.5,5,90,5,1.710000038,8,87,5,1.629999995,300,0.03,61.54241329,196.2433767,251,0,Lower Greensand,sand,loamy sand
1288,2862,95.25094604,Upper Hill Farm,459155,116855,-4.216501623,0.627553306,0.750004709,0.792113605,0.98539083,0.724309111,-651.6181,-4.060363,0.9358451,0.934752409,0.83275026,6.0572095,-0.185840391,Both Perform Well,60,2.447754659,1.505698659,283.9862379,6.406078896,0.006883119,4.198103617,100458.8938,321.9170814,124.0356887,95.25094604,1.945623159,17.80000305,19,37,44,1.409999967,0,0,0,0,550,0.015,43.26127366,166.2842116,101,0,Chalk,loam,
1316,3129,203.2140198,Wivelrod,467605,138425,-84.17220747,-2.70363358,0.819861542,0.888994763,0.969178639,4.699121771,-6035.4775,-2.1371024,0.46148458,0.470737511,0.71369433,4.0772586,0.358376962,DGW outperform,51,2.498357066,1.431196834,283.3212277,8.427272862,0.006656841,4.205014341,99242.29843,319.1242066,118.1215037,203.2140198,0.598684549,33.19999695,24,48,28,1.399999976,34,41,25,1.330000043,550,0.015,34.88576776,270.5367473,501,0,Chalk,sandy clay loam,clay loam
1328,1915,148.647522,Nelson Arms Winterslow,423855,132955,-1.472440902,0.291036924,0.709342844,0.618299829,0.936929417,0.356440242,-143.08553,0.3519469,0.87780976,0.858944584,0.44406152,0.69020224,-0.168466916,Both Perform Well,58,2.230558597,1.437490572,283.6951092,8.146276078,0.00678956,4.307337063,99935.95579,321.5766908,117.3143516,148.647522,2.809558868,23.6000061,19,37,44,1.409999967,0,0,0,0,550,0.015,15.5432162,74.76979946,1,0,Chalk,loam,
1341,989,243.6651459,Fosse Farm,397025,210385,-18418.09078,-10.29058681,0.308232953,0.305743602,12.00130207,3.443391427,-67.13266,-3.0163198,0.33742824,0.353289615,1.5512615,4.922755,-0.029195287,Others,61,2.586801751,1.484328668,282.7817332,7.50607898,0.00648662,5.195121099,98385.06281,318.9102481,119.7348766,243.6651459,2.992846012,23.5,22,42,36,1.399999976,0,0,0,0,184,0.02,1.678697565,33.37152019,51,0,Oolites,loam,
1345,1772,38.81912231,Manor Farm Broughton,430885,133395,-4961.705067,-59.73026409,0.774921471,0.778314781,-59.70227136,2.829909284,-148.35179,-9.509169,0.68858963,0.735210075,11.487152,1.605414,0.086331841,Both Perform Well,47,2.227601314,1.477095431,284.1719191,8.146276078,0.006926489,3.530401978,100901.2953,323.7050627,123.7866546,38.81912231,1.61992836,0,19,37,44,1.409999967,0,0,0,0,550,0.015,22.51909733,45.24184227,1,11145.44238,Chalk,loam,
1346,553,73.6625824,Cheriton,458945,127395,-150.4547653,-6.690038135,0.720985808,0.725394876,-6.632363999,1.897695597,-291.65207,-9.677674,0.81495774,0.76967012,11.65678,1.6417704,-0.093971932,Both Perform Well,44,2.468674702,1.419251677,283.9374278,8.427272862,0.006854007,3.455233726,100447.0489,321.9589514,120.1733385,73.6625824,4.116621017,0,24,48,28,1.399999976,34,41,25,1.330000043,550,0.015,42.61778968,85.32159528,1,0,Chalk,sandy clay loam,clay loam
1355,132,85.04135895,Bagnor Manor,444882,169724,-690.768048,-5.551295416,0.200111417,0.14389813,-5.138626854,3.144040633,-294.2332,-3.3005404,-0.16951329,-0.238522325,4.9972553,2.0718625,0.369624707,Others,1799,1.893483021,1.470126025,283.847753,8.427272862,0.006787736,3.521754678,100443.8588,322.6035254,122.7023114,85.04135895,4.692727089,0,24,48,28,1.399999976,34,41,25,1.330000043,550,0.015,29.70397619,427.0597198,51,0,Chalk,sandy clay loam,clay loam
1361,988,63.66067505,Forton Longparish,441855,143655,-27.31767073,0.755291102,0.861752914,0.967511547,0.800909672,1.033663466,-579.7514,-0.2829721,0.7853159,0.882694622,1.9049672,1.8837255,0.076437014,Both Perform Well,60,2.021358159,1.474530386,284.0825743,8.427272862,0.00688399,3.508529473,100803.961,323.2901883,123.5258458,63.66067505,0.945257425,12.70000076,22,41,37,1.399999976,29,37,34,1.350000024,550,0.015,36.06548122,192.8249192,1,19.00874901,Chalk,loam,clay loam
1377,957,219.9648895,Five Mile House,397812,209071,-13745.51343,-3.046171582,0.018936995,0.109816034,3.478648932,4.043898705,-362.38327,-5.1602907,-0.10945568,0.038226932,0.62684774,7.0480814,0.128392675,Others,61,2.464238776,1.469729264,282.8757479,7.50607898,0.006513683,4.435855198,98566.54768,319.3296787,121.6512503,219.9648895,3.632209301,51.80000305,22,42,36,1.399999976,0,0,0,0,184,0.02,2.86389235,33.8351016,51,0,Oolites,loam,
1386,1437,24.30730438,Hurstmere School,547246,173338,-439.7176143,-3.464809878,0.604428542,0.515868739,0.318193715,5.394677537,-1796.0786,-0.79911053,0.4439305,0.412320198,2.4139338,1.9635365,0.160498042,Others,50,1.600383347,1.455939155,284.2654206,8.545290384,0.006893579,3.541493023,101153.2139,322.8776972,119.3709887,24.30730438,2.700993538,0,10,82,8,1.590000033,17,75,8,1.5,100,0.005,6.761473924,3503.327754,1,67.25927734,Chalk,loamy sand,sandy loam
1437,601,25.7278595,Churton,341957,356451,-33.54279566,-0.166810341,0.534109526,0.502681302,0.831602825,2.056425497,-1.379982,0.35469627,0.63272166,0.618984052,0.96026826,0.47090283,-0.098612134,Others,51,1.729791892,1.40308878,283.6600631,6.877820409,0.006696642,3.755785749,101041.5716,324.4784058,115.4967803,25.7278595,3.919634581,16,19,37,44,1.409999967,31,31,38,1.330000043,33,0.01,1.108528517,83.78111193,1,0,Triassic Sandstone,loam,clay loam
1458,1148,104.9206848,Greys Court,472475,183405,-189.4109726,0.586848927,0.80044049,0.747573288,0.703525841,0.792700979,-5.59172,0.26821822,0.33047754,0.245215447,0.9529958,1.2916082,0.46996295,DGW outperform,57,1.894085435,1.533566762,283.7404122,8.154764635,0.006727853,4.243603833,100250.9754,321.8168501,123.4501529,104.9206848,3.021537542,29.69999695,24,48,28,1.399999976,34,41,25,1.330000043,550,0.015,3.607720418,258.7297093,251,0,Chalk,sandy clay loam,clay loam
1461,847,36.37960815,East Farm,587342,278990,-12.69201207,0.552525503,0.73415896,0.867794299,0.890294358,0.657178415,-66.19624,0.27155006,0.6970985,0.808430759,1.2447767,1.6156114,0.03706046,Others,46,1.714293539,1.509715356,283.9979954,8.134556528,0.006741229,4.128603714,101339.2914,321.8409107,119.2497667,36.37960815,2.490457535,26.60000229,8,76,16,1.610000014,8,76,16,1.150323987,550,0.015,63.39277536,207.6141273,5001,282.1756287,Chalk,sandy loam,sandy loam
1465,2573,84.11367035,Spring Cottage,548195,155345,-1022.338736,-23.76568152,0.662723546,0.706405659,2.267142929,25.73094366,-17.353056,-0.78388035,0.52985984,0.579869379,1.2291814,2.705503,0.132863706,Others,1823,2.113964943,1.43626209,283.9312743,8.545290384,0.006833629,3.502545777,100402.0838,321.1067441,120.8176875,84.11367035,1.761345148,0.699996948,10,75,15,1.580000043,15,68,17,1.50999999,270,0.0006,9.430721288,279.5529186,1,17611.11133,Lower Greensand,sandy loam,sandy loam
1501,171,56.59757996,Bartondale,505012,466985,-9.428937908,0.150476681,0.869550549,0.824909774,0.687142416,0.221030846,-0.15350103,0.64053816,0.872785,0.805242625,0.9156157,1.3254362,-0.003234451,Both Perform Well,59,2.092935369,1.474497442,282.7461666,6.475027417,0.006436251,4.742489583,99949.22923,317.9373928,123.4618734,56.59757996,3.192923784,2.200000763,19,37,44,1.409999967,0,0,0,0,550,0.015,6.863826436,35.30463929,51,0,Chalk,loam,
1559,1921,37.68784332,New Barton Farm,449255,128455,-83.1818973,-1.809902085,0.435779208,0.46407656,-1.593770096,0.078283497,0.36432552,0.31117886,0.8066715,0.825190735,1.0760922,0.34325954,-0.370892292,LSTM outperform,61,2.346495081,1.436137816,284.2172814,8.427272862,0.006937404,3.475700059,101019.3153,323.4645952,120.5751965,37.68784332,0.709595144,0,19,37,44,1.409999967,0,0,0,0,550,0.015,40.54547477,569.7507667,1,0,Chalk,loam,
1565,2317,39.99062347,Rockbourne Marsh Farm,412060,117120,-542.6505299,-8.154441383,0.904636499,0.916565879,-8.068968339,2.244393869,-56.572353,-2.0098746,0.86484224,0.875917438,3.9338977,1.6582997,0.039794259,Both Perform Well,53,2.393154431,1.484198443,284.1840513,7.617962865,0.006957113,3.576666442,100827.3794,323.7557515,125.1570627,39.99062347,1.54231143,0,51,17,32,1.220000029,52,19,29,1.230000019,550,0.015,12.73805174,77.76431989,51,0,Chalk,clay,clay
1608,876,123.2192535,Egbury,443955,152555,-52.39938457,0.140799735,0.707733918,0.660295396,0.445103685,0.412721776,-8.099735,0.68393934,0.89936143,0.892985306,1.227787,0.8053742,-0.191627512,Both Perform Well,62,2.128203726,1.452619278,283.6591705,8.427272862,0.006749147,3.510927794,99985.0093,321.4238321,122.970451,123.2192535,8.589391708,5.700004578,11,35,54,1.49000001,20,37,43,1.399999976,550,0.015,38.57992007,85.67096466,1,199.7364655,Chalk,silt loam,loam
1633,771,76.06423187,Darfield Farm Nether Wallop,431755,135155,-24.01730576,0.354523844,0.873609595,0.864828534,0.768902576,0.410713216,-57.805706,0.6188985,0.9215637,0.893174944,0.642912,0.8924169,-0.047954105,Both Perform Well,59,2.128587074,1.45159856,284.0100438,8.146276078,0.006876052,3.529196651,100580.9221,322.9627438,122.2558267,76.06423187,0.712786376,11.89999771,22,41,37,1.399999976,29,37,34,1.350000024,550,0.015,23.7391649,47.34218074,1,0,Chalk,loam,clay loam
1690,51,67.40322113,Alre Gardens,458525,132895,-530.5514426,-0.927760844,0.811043046,0.844569802,-0.306378048,2.404967451,-77.09876,-0.13215125,0.69686025,0.759047859,1.4951825,1.9719509,0.114182796,Both Perform Well,55,2.2898138,1.418848535,283.9938669,8.427272862,0.006864325,3.459979984,100578.7684,322.335957,119.4353576,67.40322113,3.742405415,3.100002289,19,37,44,1.409999967,0,0,0,0,550,0.015,43.26567455,87.47982643,1,90.63555908,Chalk,loam,
1719,449,72.59986877,Burwell west,535185,379535,-123.4279082,0.320303841,0.718107793,0.674336213,1.596408766,0.83623115,-519.9006,-0.58017707,0.4718827,0.448696041,2.219578,1.8548005,0.246225093,Others,60,1.996276009,1.508189273,283.2407982,6.437349428,0.00655937,4.796708693,100516.1053,319.9478316,121.4633747,72.59986877,6.448134422,11.60000229,22,42,36,1.399999976,25,41,34,1.379999995,550,0.015,3.552481927,22.51102936,751,220.9683838,Chalk,loam,loam
1783,807,45.25753784,Downton Church,418226,121962,-70.79450915,0.384350213,0.871214554,0.853564678,0.545141424,1.394388952,-15.729673,-0.6912445,0.60139513,0.625995832,1.1863501,2.6330075,0.269819424,DGW outperform,53,2.305969336,1.419485343,284.1593856,8.146276078,0.006940618,3.55794527,100831.9337,323.6233757,119.3818695,45.25753784,0.837823927,5.799999237,22,42,36,1.399999976,25,41,34,1.379999995,550,0.015,12.07723298,106.0939813,51,0,Chalk,loam,loam
1790,998,20.38333511,Fowlmere,540406,245699,-536.5548154,-3.228198179,0.761158372,0.816758054,-3.207526487,0.65745748,-780.9423,-5.816878,0.6289449,0.652196459,5.9929256,5.626368,0.132213472,Both Perform Well,49,1.417853228,1.483443777,284.0780396,8.084611253,0.006757014,3.699817919,101236.1241,322.8468567,118.5719448,20.38333511,0.943191409,1.900001526,10,82,8,1.590000033,17,75,8,1.5,550,0.015,48.04681483,149.7262845,5001,0,Chalk,loamy sand,sandy loam
1832,1320,140.0015259,Highmoor,470084,184289,-50.41634758,0.357164194,0.377710125,0.633690858,0.888853966,1.116789312,-604.841,-3.5952172,-0.17357847,-0.148844142,0.6236235,5.4268627,0.551288595,Others,59,2.001204821,1.524848953,283.5520225,8.154764635,0.006673431,4.247597588,99878.25301,320.9945246,123.5164794,140.0015259,1.280273199,13.6000061,11,35,54,1.49000001,20,37,43,1.399999976,550,0.015,5.245207607,134.5972932,251,0,Chalk,silt loam,loam
1841,3053,17.36073685,Whitwell Common,608471,320417,-188.6464046,-35.00703801,0.023075735,0.117516877,-34.9826295,0.104020156,-9.492158,-7.2031155,0.5243775,0.670201558,9.181672,0.6437468,-0.501301765,Others,56,1.880668124,1.54548363,283.791421,7.324315532,0.006736504,4.54008472,101129.7244,320.9804441,123.7519982,17.36073685,1.826531529,3.100000381,22,41,37,1.399999976,29,37,34,1.350000024,550,0.015,80.3206895,60.26367284,1001,0,Chalk,loam,clay loam
1846,2240,105.4027557,Radley Crossroads,436720,169680,-54.33685666,0.317709196,0.845024303,0.865345867,0.350537417,0.859637513,-13.677868,0.44936,0.89163244,0.852827174,1.3296841,1.4275169,-0.046608137,Both Perform Well,58,1.86467689,1.461312441,283.6387501,8.427272862,0.006731848,3.541325023,100023.7039,321.7542514,122.8733392,105.4027557,5.0989604,4,24,48,28,1.399999976,34,41,25,1.330000043,550,0.015,36.44723537,92.0422958,51,0,Chalk,sandy clay loam,clay loam
1872,1470,112.5752563,Jane Austens House,470825,137595,-28.2755641,-0.568866502,0.756596411,0.705830876,-0.410866824,0.358477126,-23.124233,-0.2988993,0.9101969,0.88815427,2.2876608,1.1449314,-0.153600489,Both Perform Well,57,2.409419495,1.509046086,283.7337197,8.449890581,0.006779409,4.199345262,100084.0597,321.0039701,123.9649516,112.5752563,1.243947744,3.900001526,19,37,44,1.409999967,0,0,0,0,550,0.015,32.08582271,318.1985187,501,0,Chalk,loam,
1876,2251,126.701828,Rare Breeds Farm,421102,142370,-19.345648,0.353134788,0.84397665,0.836320384,0.816299537,0.399712189,-72.38376,0.6373211,0.9547221,0.95357323,0.6471317,1.0704976,-0.11074545,Both Perform Well,53,2.080175248,1.459549786,283.7827234,8.146276078,0.006808612,3.565722897,100148.804,322.2114861,123.3485524,126.701828,1.995380044,27.29999542,19,37,44,1.409999967,0,0,0,0,550,0.015,17.92170586,163.6386504,51,0,Chalk,loam,
1902,2408,32.75593567,Saxby,498585,385795,-8.580183187,-0.729963598,0.207388486,0.213501292,2.379883067,0.321425199,-0.5748471,-0.08452296,0.55509937,0.535490718,0.6164895,0.08831307,-0.347710884,Others,58,1.787075573,1.490655489,283.4023732,7.722836944,0.006570865,4.563292961,100985.3829,321.2821345,118.6826794,32.75593567,1.897475481,4.899999619,49,19,32,1.24000001,51,18,31,1.230000019,184,0.02,10.40176301,52.99518779,1001,0,Oolites,clay,clay
1924,2482,37.09844208,Shottesbrooke Park,484125,177305,-8.43140759,-0.07326331,0.716901766,0.77416574,0.30358566,0.233999616,-1.7395244,0.44479638,0.76092017,0.773616859,1.3583018,0.6496979,-0.044018404,Both Perform Well,61,1.662102958,1.456643937,284.1613596,8.449890581,0.006852315,3.473165737,101113.5737,323.5003442,119.7715371,37.09844208,0.138265237,6.299999237,22,41,37,1.399999976,29,37,34,1.350000024,550,0.015,9.922601804,531.2494858,251,0,Chalk,loam,clay loam
1931,2687,83.71517181,Sutton Scotney,445705,139405,-15.42198312,0.591543348,0.843608849,0.832455716,0.836374642,0.659992079,-3.832065,0.692817,0.7849742,0.763126087,1.0860052,0.79818773,0.058634649,Both Perform Well,60,2.148959469,1.423588196,283.9974527,8.427272862,0.00686127,3.495117653,100614.6717,322.7324514,119.6145567,83.71517181,1.161425948,21.19999695,22,41,37,1.399999976,29,37,34,1.350000024,550,0.015,38.31026729,75.46708829,1,0,Chalk,loam,clay loam
1936,2701,96.34292603,Swarraton,456955,137055,-390.49939,0.17897812,0.836010183,0.833119,0.723357288,1.755415831,-738.0509,-1.3404768,0.4551871,0.513497338,1.3784374,3.2445142,0.380823083,DGW outperform,59,2.21456736,1.4869098,283.8539233,8.427272862,0.006817356,3.468686793,100314.3309,321.8143846,125.9482034,96.34292603,5.602194786,22.59999847,19,37,44,1.409999967,0,0,0,0,550,0.015,43.02612793,79.66336867,1,0,Chalk,loam,
1965,361,95.02534485,Bridge Cottage,427455,143755,-7.545222067,0.202491635,0.799960354,0.789832722,0.536888722,0.382317496,-22.049442,-0.034104943,0.6077254,0.688136489,0.22576037,0.43781987,0.192234954,Both Perform Well,60,2.146604599,1.445196121,283.8727258,8.146276078,0.00683021,3.547735084,100335.3215,322.5493558,121.6571135,95.02534485,2.479885817,2.099998474,19,37,44,1.409999967,0,0,0,0,550,0.015,23.59392854,121.0873187,1,0,Chalk,loam,
1975,2322,29.79055023,Rodbridge Corner,585718,243969,-123.5501467,nan,nan,nan,0.033762306,0,0.45708156,0.6876164,0.771967,0.731401167,0.9676416,0.7889632,#VALUE!,LSTM outperform,49,1.487732747,1.530331484,284.065176,8.134556528,0.006761437,3.967031584,101181.4109,321.8619804,121.8593299,29.79055023,2.342398643,2,11,80,9,1.570000052,19,72,9,1.480000019,550,0.015,70.15428719,286.1306258,1001,0,Chalk,sandy loam,sandy loam
1986,3185,89.116745,Wyndhams Lodge Corham,458655,120655,0.091755478,0.186829991,0.778702986,0.743322228,1.070057575,0.220663724,0.44470483,0.58862877,0.8892857,0.891769073,0.91935265,0.6121024,-0.110582714,Both Perform Well,59,2.456845554,1.479243733,283.9629249,6.406078896,0.006870765,4.204012849,100424.0537,321.9184419,121.3347298,89.116745,3.401431799,0,22,42,36,1.399999976,25,41,34,1.379999995,550,0.015,43.23191497,149.49534,101,9.214373589,Chalk,loam,loam
2058,1233,100.4237518,Hatherden Cottage,434419,150392,-23.51408106,-0.726690035,0.381645374,0.29058621,-0.330708921,0.089884732,-0.41499186,0.19486266,0.43569207,0.354916044,1.2129751,0.4666669,-0.054046696,Others,775,2.052081051,1.508326983,283.7782445,8.146276078,0.006791343,4.288379132,100174.1725,322.1110334,122.8895044,100.4237518,1.640674353,4,19,37,44,1.409999967,0,0,0,0,550,0.015,33.17425263,386.6392923,1,131.5416718,Chalk,loam,
2060,1937,76.52226257,Newgate,607760,144780,-2946.859419,-66.89879519,0.761463251,0.712621954,68.63884357,6.930963609,-5283.8623,-89.93808,0.81225955,0.815458734,91.59696,8.871443,-0.050796299,Both Perform Well,58,2.047316542,1.395787991,284.114662,7.604655088,0.00701062,3.722405824,100541.0619,321.6252881,119.4798489,76.52226257,3.336275578,6,24,48,28,1.399999976,34,41,25,1.330000043,550,0.015,20.05103772,163.4722684,1001,0,Lower Greensand,sandy clay loam,clay loam
2104,712,41.96105957,Creeton,501115,319985,-3.494204686,nan,nan,nan,0.494045455,1.32E-15,0.25589585,0.21810484,0.6396982,0.706444946,0.9435221,0.30836973,#VALUE!,Others,52,1.742771084,1.475911092,283.5490481,8.170701117,0.006598594,3.705757179,100746.4382,321.7507637,120.1625716,41.96105957,0.95740509,0.799999237,49,19,32,1.24000001,51,18,31,1.230000019,130,0.0005,2.120678469,57.19528579,101,0,Oolites,clay,clay
2127,746,83.95765686,Cullpeppers Dish,381460,92494,-47.74096844,-1.980518265,0.865752065,0.875035772,0.944351325,3.97697327,-621.1676,-1.3548877,0.7984383,0.802005519,0.7784123,3.335766,0.067313765,Both Perform Well,54,2.624863087,1.545954967,284.1686542,7.90585989,0.006996279,4.412318526,100680.6511,323.670201,128.310117,83.95765686,0.604294062,37.70000076,21,39,40,1.399999976,21,41,38,1.399999976,75,0.05,8.503461035,65.66658481,101,0,Corallian Limestone,loam,loam
2172,204,28.00703049,Beetley,598140,317310,-9.758184789,nan,nan,nan,4.66986097,5.37E-15,-1.8146884,-0.82903373,0.43497995,0.469857867,2.6619537,0.48613816,#VALUE!,Others,57,1.832475356,1.539394608,283.7450398,7.787020949,0.006707567,4.409223731,101022.1585,320.8760358,123.4485432,28.00703049,1.895769119,4.5,19,37,44,1.409999967,31,31,38,1.330000043,550,0.015,69.59634245,166.6382102,1001,0,Chalk,loam,clay loam
2175,1526,74.68289185,Kingsley 1,478014,137240,-23.02501535,0.119450504,0.202064051,0.186593194,0.758241536,0.716771328,-145.4919,-0.7488692,0.77197254,0.728148168,1.6047099,2.6250854,-0.569908489,LSTM outperform,1629,2.193975904,1.451323254,284.0168139,8.449890581,0.006862662,3.434321245,100653.9322,322.2282128,122.4068473,74.68289185,5.889430523,5.400001526,49,19,32,1.24000001,51,18,31,1.230000019,270,0.0006,25.15862054,274.7677072,501,43518.94531,Lower Greensand,clay,clay
2177,1124,31.92757797,Great Snarehill,589009,280979,-24.25365788,0.638375484,0.940639444,0.893532359,0.894245769,0.659317366,-860.14014,0.33264577,0.76947534,0.700772589,0.3802434,1.0901235,0.171164104,Both Perform Well,41,1.689375683,1.505805991,283.8899713,8.134556528,0.006711672,4.146216987,101135.8979,321.3301794,119.4198638,31.92757797,3.559773922,11.20000076,5,90,5,1.710000038,8,87,5,1.629999995,550,0.015,64.13809537,255.3746893,5001,0,Chalk,sand,loamy sand
2183,3059,179.1873474,Whyr Farm,408365,174325,-0.836694627,0.227708466,0.543188121,0.550748698,1.339563387,0.478028902,0.34618175,0.4708014,0.855168,0.843426974,1.1668448,0.5191283,-0.311979879,LSTM outperform,55,2.076451259,1.478996827,283.3140724,8.146276078,0.006655436,4.386020919,99352.96447,320.7694104,121.5535374,179.1873474,1.491859317,7,19,37,44,1.409999967,0,0,0,0,550,0.015,14.08685632,73.29502475,51,0,Chalk,loam,
2234,652,134.0570984,College Farm Cirencester,400285,201265,-50.66697688,0.040558006,0.567150752,0.604650019,0.354043173,0.437941065,-2.422293,0.41537863,0.6118029,0.642146786,1.1512918,0.58988327,-0.044652148,Others,1826,2.175848851,1.496121873,283.5188929,7.806790904,0.006703844,4.423826641,99837.84726,322.2347073,121.3174086,134.0570984,0.689033866,19.40000153,19,37,44,1.409999967,31,31,38,1.330000043,184,0.02,7.150995304,294.5704148,251,0,Oolites,loam,clay loam
2284,2527,143.728653,Soames Place Ropley,465555,130655,-33.25889879,0.247078751,0.802002379,0.730925257,0.73201275,0.324818407,-117.48312,0.469509,0.9250144,0.881856071,0.4977361,1.1533914,-0.123012021,Both Perform Well,60,2.621796278,1.432189469,283.4916235,8.427272862,0.006717606,4.200508524,99556.68169,319.7971361,117.9300448,143.728653,4.102758408,8.5,21,44,35,1.409999967,25,40,35,1.370000005,550,0.015,36.07027254,102.9461982,1,1699.570435,Chalk,loam,loam
2300,2718,35.60946274,Tarvin,348280,366850,-60.62137774,-0.117893397,0.885500778,0.872160357,2.065458555,1.318392277,-169.44148,-0.8896296,0.77783126,0.744396125,2.7749631,0.39102685,0.107669518,Both Perform Well,1714,1.916155535,1.394756144,283.5474302,6.877820409,0.006649619,3.711331035,100900.7421,323.9310479,114.8706444,35.60946274,1.872715831,19.80000114,19,37,44,1.409999967,31,31,38,1.330000043,33,0.01,2.255444004,231.8176433,101,0,Triassic Sandstone,loam,clay loam
2327,1234,49.60979462,Hatt Hall Farm,431855,126755,-157.6624187,0.091609561,0.90387648,0.918439404,0.756973116,1.869983558,-121.700424,-0.74451387,0.8410442,0.881803746,1.2110913,2.7243903,0.06283228,Both Perform Well,59,2.259857612,1.485502234,284.2560465,8.146276078,0.006958067,3.521205256,101045.9218,323.9300123,124.7922783,49.60979462,1.532946587,26.99999809,19,37,44,1.409999967,31,31,38,1.330000043,550,0.015,23.28631383,70.33246806,1,0,Chalk,loam,clay loam
2331,1327,152.1942902,Hill Farm Lewknor,472225,196855,-265.4618527,0.08453922,0.538529584,0.565769081,1.676953487,1.408469669,-155.45648,-0.8292742,0.8870584,0.874563873,0.48601234,2.7519453,-0.348528816,LSTM outperform,44,1.865717414,1.368938598,283.1635895,8.154764635,0.006548401,4.256975363,99160.26324,319.277305,109.2897403,152.1942902,2.413280964,0,19,37,44,1.409999967,0,0,0,0,550,0.015,8.661074254,118.6087121,51,0,Chalk,loam,
2361,2657,102.0282822,Stretton,494505,316085,-367.0677924,-4.636871624,0.50011624,0.488445957,6.587091143,0.444256818,0.41550654,0.360883,0.864753,0.878384729,0.90809506,0.38215533,-0.36463676,LSTM outperform,57,1.793921136,1.49690413,283.2548119,8.170701117,0.006515233,4.433840974,100117.0097,320.4475562,118.6404434,102.0282822,4.533793449,0,53,25,22,1.24000001,56,23,21,1.220000029,130,0.0005,9.667932366,58.79756787,101,0,Oolites,clay,clay
2363,1404,160.4451904,Horns Hill Lodge,545070,152140,-11183.75902,-36.00033104,0.819310732,0.886363724,37.08886029,9.160025201,-2077.8613,-14.614496,0.4265392,0.489613009,16.603622,0.89584446,0.392771532,DGW outperform,1826,2.176506018,1.416369759,283.5253927,8.545290384,0.006717533,4.241686261,99578.42749,319.2012412,115.39115,160.4451904,4.376672745,25.6000061,10,75,15,1.580000043,15,68,17,1.50999999,270,0.0006,7.012190521,199.4691021,1,0,Lower Greensand,sandy loam,sandy loam
2385,2049,196.6882324,Old Hospital,411780,215820,-3732.258685,-4.34805915,0.263315862,0.30473528,4.706141968,4.784645937,-26580.053,-11.801422,0.64957345,0.73082913,10.90425,9.103072,-0.386257588,Others,58,2.159036147,1.47795143,283.0899206,7.806790904,0.006558513,4.388949009,99060.39781,320.2158774,120.8367193,196.6882324,0.66536957,28.69999695,22,42,36,1.399999976,0,0,0,0,184,0.02,2.163863786,34.00203082,51,0,Oolites,loam,
2398,1478,67.2256546,Joscas School,443935,196885,-271.8410494,-4.439234459,0.119141812,0.05714194,0.659992464,6.356655228,-17963.604,-11.227871,0.20081902,0.175581932,3.972471,12.834204,-0.081677208,Others,57,1.530284777,1.45788724,283.9675184,7.847316624,0.006800165,3.542549942,100773.1608,323.6117632,119.9516187,67.2256546,1.236096859,9.400005341,19,37,44,1.409999967,31,31,38,1.330000043,700,0.0005,13.88056598,253.2521728,51,131.6147308,Corallian Limestone,loam,clay loam
2439,824,87.85719299,Duckington Grange,348702,351874,-134.2770551,-0.505312364,0.077534273,0.154219299,0.776938247,2.16844587,-24.032478,-0.29529738,-0.28746212,-0.307326566,0.90785885,1.1083847,0.364996393,Others,50,1.848466591,1.426593263,283.3456796,6.877820409,0.006603818,4.494772809,100371.1365,322.9361614,114.4845476,87.85719299,3.542562485,15.5,5,89,6,1.700000048,5,89,6,1.700000048,33,0.01,1.190339373,70.06829293,1,0,Permian Sandstone,sand,sand
2447,1025,132.3821716,Frost Hill Overton,451475,152505,-78.79368777,0.583420912,0.791745405,0.769573649,0.700736161,0.798482469,-41.82641,-0.06262374,0.85764533,0.859351785,0.78449285,2.0307589,-0.065899925,Both Perform Well,62,2.063307773,1.498327787,283.5965496,8.427272862,0.00672675,4.248055051,99856.70556,320.9836468,122.7057822,132.3821716,4.903529167,13.50000763,19,37,44,1.409999967,0,0,0,0,550,0.015,33.04370666,99.47861551,1,0,Chalk,loam,
2449,139,76.08072662,Balls Cottage,439655,144355,-143.1809024,0.442563124,0.919957179,0.941898578,0.637699241,1.416013435,-588.2223,0.1182943,0.7397374,0.706785433,0.26686808,0.5850481,0.180219779,Both Perform Well,58,2.0347207,1.488257876,283.9090361,8.427272862,0.006832837,3.51454973,100456.572,322.5242802,125.356601,76.08072662,6.074844837,0,24,48,28,1.399999976,34,41,25,1.330000043,550,0.015,34.35400958,528.5146411,1,49.49323654,Chalk,sandy clay loam,clay loam
2474,1902,41.40130234,Mustard Pot Hall,614729,275194,-14.72984359,0.037174234,0.920219387,0.931417944,0.832468252,1.944775965,-109.55338,0.5031271,0.8240278,0.863348839,0.5385382,0.9455097,0.096191587,Both Perform Well,26,1.591621028,1.601063402,283.90575,7.481927803,0.006730906,5.137959659,101060.65,320.8477163,122.5097569,41.40130234,0.732029974,10.40000153,19,37,44,1.409999967,31,31,38,1.330000043,400,0.075,90.24476819,78.5879949,1001,0,Crag,loam,clay loam
2521,309,68.67167664,Boughton Lees,602363,147261,-754.0207504,-5.932462811,0.866306262,0.861623001,7.748009277,2.582888941,-2917.9424,-12.322986,0.7293893,0.713886987,14.292292,1.8624612,0.136916962,Both Perform Well,59,1.915553122,1.4711522,284.1120909,7.604655088,0.006986828,3.704051459,100549.3796,321.592273,125.3699993,68.67167664,3.543687344,19.5,9,77,14,1.600000024,17,67,16,1.480000019,550,0.015,17.91783107,434.283918,1001,0,Chalk,sandy loam,sandy loam
2522,1399,93.21994019,Hopton,359315,326625,-493.1579507,nan,nan,nan,-0.017340171,1.28E-14,-1.3438978,-0.5253483,-0.43517268,-0.509054033,0.9620265,0.4847096,#VALUE!,Others,1625,1.959145675,1.471550352,283.3421658,7.561281574,0.006609825,4.496150464,100180.8188,322.7639068,118.6174406,93.21994019,2.766451597,7.700004578,5,89,6,1.700000048,5,89,6,1.700000048,33,0.01,0.402299116,61.12887246,1001,364.6697693,Triassic Sandstone,sand,sand
2542,353,47.17560196,Brewery Cottages,464515,169575,-105.887721,-0.173954451,0.630400472,0.710301458,-0.107670524,1.120959712,-5.0467896,0.13785982,0.2410295,0.240720487,1.2117491,1.349876,0.389370972,Others,56,1.795071194,1.433072579,284.046838,8.427272862,0.006835122,3.484029347,100838.5056,323.1887367,118.4414861,47.17560196,1.569186568,2.400001526,11,80,9,1.570000052,19,72,9,1.480000019,100,0.005,11.91271902,614.6612939,51,0,Chalk,sandy loam,sandy loam
2570,160,145.8517456,Barnsley Park,408210,206030,-3.044872683,-0.029198696,0.528428371,0.521183196,0.565550048,0.194938889,-0.36738503,0.34511513,0.7982244,0.802268701,1.2248644,0.4189692,-0.269796029,LSTM outperform,61,2.13789704,1.493000909,283.4693304,7.806790904,0.006677936,4.396951652,99768.23287,321.9472607,120.7608915,145.8517456,0.843259215,13.8999939,19,37,44,1.409999967,31,31,38,1.330000043,184,0.02,0.220453616,49.3459804,51,0,Oolites,loam,clay loam
2615,247,79.3913269,Birkholme South,497175,323195,-55.07534652,-0.15800855,0.30800488,0.418731847,1.928336782,1.017814985,-12.409895,0.27388614,0.7772939,0.894616318,0.5486238,0.47664303,-0.46928902,LSTM outperform,56,1.777108428,1.480952553,283.3560656,8.170701117,0.006544113,4.455369758,100381.1171,320.9079661,116.5434551,79.3913269,2.942554474,4,49,19,32,1.24000001,51,18,31,1.230000019,130,0.0005,5.430111095,50.0605096,101,0,Oolites,clay,clay
2717,390,77.77937317,Brocklands Farm,463755,123655,-6.100263633,-0.906193681,0.835290072,0.8711167,-0.781144971,1.658762157,-629.8276,-17.113953,0.85533977,0.881579335,19.027521,2.761727,-0.020049698,Both Perform Well,59,2.578696604,1.387325574,283.9271968,8.427272862,0.006855938,3.441735189,100412.3908,321.7351355,117.292384,77.77937317,4.080029011,3.599998474,22,41,37,1.399999976,29,37,34,1.350000024,550,0.015,37.95290113,81.38068514,101,443.4398499,Chalk,loam,clay loam
2751,2177,98.19533539,Pit King Farm,445380,171128,-3204.452372,-3.56648723,0.716285521,0.862246417,-0.182258267,5.401656178,-379.19302,-3.109929,0.7272992,0.836640891,1.3980191,5.0815344,-0.011013679,Others,56,1.879408543,1.40896439,283.7457167,8.427272862,0.006755395,3.520983492,100246.9746,322.1359928,117.9416915,98.19533539,4.545917988,6.299995422,24,48,28,1.399999976,34,41,25,1.330000043,550,0.015,28.78171785,285.5830405,51,0,Chalk,sandy clay loam,clay loam
2763,2117,112.7718964,Park Lane Welford,440484,172875,-290.8885814,-0.125005347,0.699552847,0.735144999,0.742042356,2.053008259,-33.5887,-4.079445,0.78595096,0.7902531,1.0378513,6.0748196,-0.086398113,Both Perform Well,59,1.879791896,1.425616888,283.6147333,8.427272862,0.006719447,3.533355876,99988.98075,321.6205789,119.5793911,112.7718964,4.81866169,5,24,48,28,1.399999976,34,41,25,1.330000043,550,0.015,33.07193279,54.3569109,51,0,Chalk,sandy clay loam,clay loam
2787,2623,92.54624939,Starveall,399455,139314,-220.6047427,0.323710745,0.731329206,0.79056736,0.38497624,0.916759778,-402.19913,-0.10561967,0.57900256,0.724453239,0.17123301,1.598585,0.152326646,Others,43,2.11746988,1.496204684,283.7429382,7.812595891,0.006816911,3.64144456,100029.7377,322.3542943,127.4324194,92.54624939,3.424113512,0,21,44,35,1.409999967,25,40,35,1.370000005,550,0.015,6.403286406,37.89189719,51,0,Chalk,loam,loam
2790,1265,74.32122803,Heathcote,365385,328345,-361.7795849,-1.109367863,-0.351965409,-0.268221307,-0.274316039,0.001130164,-540.5393,-0.622741,0.617609,0.714361189,2.557627,1.2467163,-0.969574409,Others,60,1.956790799,1.417428242,283.4552284,7.561281574,0.006634601,3.717228335,100430.2996,323.2629144,117.1544099,74.32122803,0.971921742,7,4,87,9,1.730000019,4,88,8,1.74000001,30,0.14,3.337929634,81.00242788,1001,0,Permian Sandstone,sand,sand
2796,2857,83.38846588,Upper Campsfield Farm,446580,216540,0.176520157,0.230789769,0.670333956,0.664349264,0.886502843,0.314344784,-6.8162217,-0.18795383,0.83927846,0.876515202,0.21388227,0.12397386,-0.168944504,Both Perform Well,57,1.704216864,1.451796358,283.7571825,7.847316624,0.00672168,3.549279002,100463.1026,322.8293513,119.5199614,83.38846588,0.138981357,1.099998474,49,19,32,1.24000001,51,18,31,1.230000019,184,0.02,0.54275578,277.245991,51,0,Oolites,clay,clay
2812,1412,73.35398102,Houghton Common,587386,305276,-57.49505568,0.461295604,0.640783234,0.642771154,1.176609654,0.639479859,-255.52335,0.5989872,0.8596827,0.860300969,1.3715043,1.0557404,-0.218899466,Both Perform Well,38,1.897207012,1.540362808,283.5787211,7.787020949,0.00663748,4.995416681,100569.357,320.1354652,119.4123978,73.35398102,1.437948108,27.70000076,22,41,37,1.399999976,29,37,34,1.350000024,550,0.015,57.77626982,83.45251716,5001,0,Chalk,loam,clay loam
2885,2485,38.8288269,Shropham,597318,293441,-256.1717363,-0.29767984,0.801308523,0.815417563,2.281242447,0.946032827,-442.79272,-0.792573,0.7488364,0.776189228,2.6822388,1.5659618,0.052472123,Both Perform Well,45,1.735761233,1.5788609,283.8462322,7.787020949,0.006711895,5.042651616,100987.0144,321.0862986,120.9958976,38.8288269,0.536561847,8,22,41,37,1.399999976,29,37,34,1.350000024,550,0.015,68.71737641,82.34702031,5001,0,Chalk,loam,clay loam
2915,2703,54.84103394,Swayfield,499825,323385,-32.22750664,-0.17708134,0.787687547,0.768123301,-0.077967723,1.422409153,0.42545193,0.46945894,0.9210613,0.92421516,0.9089867,0.48331958,-0.133373753,Both Perform Well,58,1.765936469,1.517972286,283.485662,8.170701117,0.006580834,4.462713054,100643.7242,321.4847886,119.4467903,54.84103394,3.82901907,0,49,19,32,1.24000001,51,18,31,1.230000019,130,0.0005,3.079554009,50.64181696,101,0,Oolites,clay,clay
2919,2875,45.20183563,Valley Farm Helhoughton,586637,327012,-45.8409325,-0.109351485,0.75053648,0.733184252,2.017102761,1.365965358,-68.686966,-0.2957375,0.6799134,0.61320284,2.244561,1.1659849,0.07062308,Both Perform Well,1617,1.894030665,1.496858918,283.6270974,7.787020949,0.006673021,4.324510273,100889.9016,320.6207103,120.6357714,45.20183563,1.66444242,6.099998474,11,80,9,1.570000052,19,72,9,1.480000019,550,0.015,61.0652638,39.61988717,1001,0,Chalk,sandy loam,sandy loam
2930,3191,119.2809677,Yatton Keynell Manor,386440,176290,-56.59717703,-0.042750468,0.380063331,0.54500364,0.249535418,0.626088277,-24.838581,0.037294447,0.6544357,0.567090765,0.5005435,0.25305268,-0.274372369,Others,53,2.219112813,1.465968925,283.6500503,7.812595891,0.006774754,4.472113271,100012.0137,322.7205262,119.0125094,119.2809677,1.55279839,12.80000305,48,23,29,1.25,45,26,29,1.25999999,184,0.02,1.521776483,196.5176042,51,0,Oolites,clay,clay
2972,2454,77.99575806,Sheffield Forest,542202,126857,-6723.391637,-19.93934894,-0.090211664,-0.129297755,0.060354821,21.88982622,-2229.1836,0.03881079,0.54924357,0.553045363,0.4385011,1.6367325,-0.639455234,Others,59,2.285377876,1.39931215,284.0541372,8.545290384,0.00693858,3.430603916,100578.4766,321.4521925,120.5469973,77.99575806,0.430284441,26.10000229,9,77,14,1.600000024,17,67,16,1.480000019,50,0.00014,0.510123124,75.74136272,1,0,Corallian Limestone,sandy loam,sandy loam
3066,972,106.453392,Footherley Shallow,410345,302925,-96.46878384,-1.501600238,0.958580366,0.955290481,0.137214465,3.347741316,-164.7307,-1.0392292,0.34241864,0.391136492,2.1395774,2.5580227,0.616161726,DGW outperform,1826,2.005805033,1.41028525,283.3080227,7.60476465,0.006569781,3.624385344,100010.1453,321.9928911,116.2833333,106.453392,0.852436185,5.900001526,5,90,5,1.710000038,8,87,5,1.629999995,33,0.01,1.065374249,651.1656216,501,145.0207977,Triassic Sandstone,sand,loamy sand
3128,1120,21.16728592,Great Ouseburn S,445753,461751,-664.8392616,-3.082982683,0.755548712,0.69726916,0.055555463,4.964721386,-641.89056,-0.24181485,0.78523755,0.766216082,0.060072467,1.7826442,-0.029688838,Both Perform Well,1824,1.870974811,1.459312997,283.1737386,7.298685801,0.006472555,4.377416926,100941.5475,320.7772953,117.4626753,21.16728592,0.760853052,6.700000763,19,37,44,1.409999967,31,31,38,1.330000043,33,0.01,5.512199825,62.66414837,251,0,Triassic Sandstone,loam,clay loam
3136,1391,79.51822662,Hook House,358148,367598,-938.0638611,-7.039376725,0.54760835,0.48429143,1.700010382,8.996055615,-3801.8572,-1.3398015,0.5390324,0.594797194,2.464972,2.7652466,0.00857595,Others,1268,2.227929901,1.448275431,283.2750441,6.877820409,0.006562371,4.433555685,100366.5661,322.5716012,116.4301311,79.51822662,0.943544209,3.900001526,4,87,9,1.730000019,4,88,8,1.74000001,33,0.01,5.318129451,191.1858957,1,0,Triassic Sandstone,sand,sand
3360,2209,124.418251,Prestbury Shallow,391096,377494,-1611.203671,-3.686011407,0.77849603,0.774453315,0.146597459,5.602319307,-3486.329,-4.529551,0.11415127,-0.04827532,2.2572868,6.3113847,0.66434476,DGW outperform,1826,2.546768897,1.361759027,282.9116931,6.901916814,0.006429284,3.595291337,99736.22482,320.5378343,113.3996414,124.418251,1.5235641,15.70000458,5,89,6,1.700000048,5,89,6,1.700000048,33,0.01,1.247652304,713.0517624,101,0,Triassic Sandstone,sand,sand
3372,2337,69.67005157,Ropsley,500045,333785,-1.350072201,0.171954403,0.668604232,0.750623028,0.588320637,0.362539054,-5.2761173,-0.21744561,0.6135618,0.830033701,0.26723,0.10787475,0.055042432,Others,58,1.750219061,1.503023712,283.3383856,8.170701117,0.00654039,4.479856909,100431.8706,320.8341475,118.958695,69.67005157,3.061220407,2.5,49,19,32,1.24000001,51,18,31,1.230000019,184,0.02,4.654866092,46.75532264,101,0,Oolites,clay,clay
